t,p_x,p_y,p_z,v_x,v_y,v_z,q_w,q_x,q_y,q_z,w_x,w_y,w_z,a_lin_x,a_lin_y,a_lin_z,a_rot_x,a_rot_y,a_rot_z,u_1,u_2,u_3,u_4,jerk_x,jerk_y,jerk_z,snap_x,snap_y,snap_z
0,,,,0,0,0,0.81001,0,0,-0.58642,0,0,0,0,0,0,0,0,0,0.694667613,6.878994767,6.878987912,3.791606655,0,0,0,0,0,0
0.015228132,,,,1.28E-05,-0.01308602,0.177028249,0.811630072,0.048742106,0.035112032,-0.581074847,4.928271373,14.99999406,1.387073256,0,0,0,0,0,0,6.878996248,6.87897316,6.834900443,6.878993366,0,0,0,0,0,0
0.030456263,,,,0.001400599,-0.129933041,0.504574458,0.806038407,0.144880517,0.105400109,-0.564094442,4.779240208,14.99999304,1.367332402,0,0,0,0,0,0,6.878997556,6.878339305,6.837490394,6.878995646,0,0,0,0,0,0
0.045684395,,,,0.007478458,-0.356588702,0.79078771,0.788875421,0.237991309,0.174828873,-0.538953219,4.62804478,14.99998852,1.349035883,0,0,0,0,0,0,6.878997938,6.838889475,6.878879466,6.878996461,0,0,0,0,0,0
0.060912526,,,,0.021528955,-0.679622153,1.011057105,0.760783521,0.326397661,0.242623159,-0.505773668,4.346310981,14.99997119,1.366946187,0,0,0,0,0,0,6.878998104,6.840952411,6.878797042,6.878996917,0,0,0,0,0,0
0.076140658,,,,0.046970107,-1.08002947,1.144968543,0.722627833,0.408566176,0.308003635,-0.464775706,4.065256574,14.99985988,1.383895744,0,0,0,0,0,0,6.878998148,2.823843104,6.431591449,6.878997061,0,0,0,0,0,0
0.091368789,,,,0.083060675,-1.457345084,1.156499741,0.697881841,0.458316091,0.358398624,-0.417681365,-2.017452415,7.742609914,2.999756031,0,0,0,0,0,0,6.878998114,4.984161199,4.445513455,6.878996972,0,0,0,0,0,0
0.106596921,,,,0.143796582,-1.849975468,1.128194761,0.700700297,0.470513487,0.375662784,-0.382770982,-1.278435691,0.700246276,2.758502617,0,0,0,0,0,0,6.878998052,6.878707212,6.878874572,6.878996696,0,0,0,0,0,0
0.121825052,,,,0.231137661,-2.315922162,1.11398364,0.711209948,0.473380954,0.373062563,-0.361822065,-1.298733588,0.661685415,2.758576968,0,0,0,0,0,0,6.878997973,6.878881782,6.878957198,6.878996264,0,0,0,0,0,0
0.137053184,,,,0.329219725,-2.77984907,1.099368782,0.721498999,0.475768569,0.370096549,-0.340752121,-1.317747545,0.622962053,2.75860998,0,0,0,0,0,0,6.878997877,6.878935592,6.878976839,6.878995625,0,0,0,0,0,0
0.152281315,,,,0.437954123,-3.241314311,1.085036486,0.731557366,0.477685623,0.366755505,-0.319578888,-1.335562369,0.583816638,2.758627446,0,0,0,0,0,0,6.878997759,6.878959081,6.878984566,6.878994688,0,0,0,0,0,0
0.167509447,,,,0.557193019,-3.699892535,1.071670952,0.741375507,0.479141428,0.363030067,-0.29832033,-1.35219526,0.544216631,2.758637485,0,0,0,0,0,0,6.878997616,6.878971376,6.878988372,6.878993292,0,0,0,0,0,0
0.182737578,,,,0.686729893,-4.155175137,1.059950638,0.750943866,0.480145881,0.358911407,-0.276994303,-1.36764542,0.504173248,2.75864316,0,0,0,0,0,0,6.878997444,6.878978583,6.878990475,6.87899114,0,0,0,0,0,0
0.19796571,,,,0.826300666,-4.606772137,1.05054461,0.760252747,0.480709572,0.354391392,-0.255618485,-1.381906795,0.463711716,2.758645663,0,0,0,0,0,0,6.878997235,6.878983147,6.878991694,6.878987655,0,0,0,0,0,0
0.213193841,,,,0.975585185,-5.054314236,1.044108874,0.769292287,0.480843786,0.349462664,-0.234210326,-1.394972469,0.422863654,2.7586452,0,0,0,0,0,0,6.878996983,6.878986203,6.878992381,6.878981607,0,0,0,0,0,0
0.228421973,,,,1.13420903,-5.497454815,1.041282739,0.778052459,0.480560484,0.344118695,-0.212787019,-1.40683724,0.381665267,2.75864108,0,0,0,0,0,0,6.878996677,6.878988334,6.878992702,6.878970061,0,0,0,0,0,0
0.243650105,,,,1.301745643,-5.935871795,1.042685267,0.786523081,0.479872252,0.338353853,-0.19136545,-1.417501109,0.340158824,2.758631116,0,0,0,0,0,0,6.878996305,6.878989864,6.878992736,6.878944806,0,0,0,0,0,0
0.258878236,,,,1.477718772,-6.369269301,1.048911794,0.794693841,0.478792208,0.332163502,-0.169962136,-1.42697836,0.298400386,2.758609337,0,0,0,0,0,0,6.87899585,6.878990987,6.878992508,6.878876815,0,0,0,0,0,0
0.274106368,,,,1.661605254,-6.79737885,1.060530506,0.802554349,0.47733379,0.325544267,-0.14859307,-1.435332173,0.256492333,2.758556705,0,0,0,0,0,0,6.878995291,6.878991821,6.878992016,6.878616433,0,0,0,0,0,0
0.289334499,,,,1.852838019,-7.219958506,1.078078583,0.810094293,0.475509829,0.318495217,-0.127273075,-1.442873628,0.214774316,2.758387107,0,0,0,0,0,0,6.878994597,6.878992446,6.878991238,6.876560854,0,0,0,0,0,0
0.304562631,,,,2.050805238,-7.636768807,1.102050482,0.81730492,0.473323837,0.311029176,-0.106009742,-1.452549234,0.176134138,2.757296526,0,0,0,0,0,0,6.878993723,6.878992915,6.878990161,6.263389569,0,0,0,0,0,0
0.319790762,,,,2.251853026,-8.037666732,1.129065851,0.824692614,0.467694701,0.307083747,-0.082724426,-2.464723551,1.116057865,2.481574673,0,0,0,0,0,0,6.878992598,6.878993268,6.878988805,6.582129971,0,0,0,0,0,0
0.335018894,,,,2.468821027,-8.432395028,1.166458186,0.832462776,0.456876412,0.308352349,-0.056466797,-2.9781799,1.525559333,2.348611994,0,0,0,0,0,0,6.878991116,6.878993522,6.878987161,6.512313694,0,0,0,0,0,0
0.350247025,,,,2.702714167,-8.811115495,1.213023434,0.840261989,0.441813329,0.312999334,-0.02814587,-3.613418431,2.038293879,2.18437938,0,0,0,0,0,0,6.878989099,6.878993695,6.87898518,6.857198019,0,0,0,0,0,0
0.365475157,,,,2.959799931,-9.175212948,1.273171984,0.847683074,0.423779871,0.319127482,0.001294612,-3.695382548,1.988587864,2.174615641,0,0,0,0,0,0,6.878986253,6.878993799,6.878982813,6.870797008,0,0,0,0,0,0
0.380703288,,,,3.236293401,-9.517684633,1.34530141,0.85438449,0.40473081,0.324468637,0.03066297,-3.753806742,1.915552515,2.17094287,0,0,0,0,0,0,6.878981979,6.878993848,6.87898023,4.436220121,0,0,0,0,0,0
0.39593142,,,,3.508246923,-9.803824512,1.409863234,0.861083474,0.369721318,0.342538461,0.067147598,-7.762047393,5.765345992,1.076857393,0,0,0,0,0,0,6.878974804,6.878993836,6.878977803,6.876585716,0,0,0,0,0,0
0.411159551,,,,3.842523522,-10.06506645,1.510608101,0.86518756,0.317520392,0.372069573,0.110433324,-7.831537372,5.679785099,1.075780172,0,0,0,0,0,0,6.878961668,6.878993761,6.878975026,6.878600132,0,0,0,0,0,0
0.426387683,,,,4.209208556,-10.26272813,1.624018232,0.86495327,0.26320529,0.398927195,0.153087909,-7.896706237,5.590266917,1.075609855,0,0,0,0,0,0,6.878934131,6.878993634,6.878970745,6.878870422,0,0,0,0,0,0
0.441615814,,,,4.599243655,-10.39230645,1.746067225,0.860371772,0.207125704,0.422926723,0.19491625,-7.960348209,5.499619836,1.075571069,0,0,0,0,0,0,6.878861377,6.878993469,6.878963141,6.878939838,0,0,0,0,0,0
0.456843946,,,,5.003058268,-10.4508493,1.872546416,0.851457574,0.14963127,0.443914678,0.235733412,-8.022704532,5.408244011,1.075592627,0,0,0,0,0,0,6.878551877,6.878993281,6.878948255,6.878965342,0,0,0,0,0,0
0.472072077,,,,5.410771728,-10.43700254,1.999145675,0.838246491,0.091080852,0.461761648,0.27536027,-8.083452076,5.316588815,1.075757646,0,0,0,0,0,0,6.65238954,6.878993093,6.878914303,6.878976992,0,0,0,0,0,0
0.487300209,,,,5.809493734,-10.3518654,2.118822092,0.819954206,0.032768813,0.477889607,0.313405215,-7.782839554,5.58727009,1.177207755,0,0,0,0,0,0,5.902124042,6.878992933,6.87881244,6.878983117,0,0,0,0,0,0
0.502528341,,,,6.185329868,-10.20229495,2.21857172,0.793248991,-0.021317338,0.498999594,0.348282951,-6.299425164,7.060687791,1.614648635,0,0,0,0,0,0,6.878437699,6.878992813,6.878306327,6.878986673,0,0,0,0,0,0
0.517756472,,,,6.559951601,-9.982927558,2.301840476,0.759223151,-0.072056819,0.523358851,0.380109898,-6.418012829,6.951040806,1.614587045,0,0,0,0,0,0,6.878826201,6.878992699,6.722801828,6.878988932,0,0,0,0,0,0
0.532984604,,,,6.9099036,-9.705661381,2.353784985,0.722261955,-0.121828443,0.543626571,0.409836126,-6.27950827,6.592110323,1.544704191,0,0,0,0,0,0,6.878919923,6.878992559,5.534557131,6.878990514,0,0,0,0,0,0
0.548212735,,,,7.217472455,-9.392700485,2.368931521,0.689686732,-0.162300865,0.557560094,0.432570668,-4.181540112,4.350181335,0.942581704,0,0,0,0,0,0,6.878955133,6.878992373,6.592423522,6.878991727,0,0,0,0,0,0
0.563440867,,,,7.512100087,-9.033561267,2.368048211,0.663825546,-0.19275413,0.566553901,0.448551187,-3.757060774,3.850156679,0.814247854,0,0,0,0,0,0,6.878971207,6.878992127,6.477284201,6.878992688,0,0,0,0,0,0
0.578668998,,,,7.781892647,-8.650791061,2.347377788,0.640674445,-0.218900953,0.573182542,0.461606328,-3.135411473,3.17464149,0.634338029,0,0,0,0,0,0,6.878979846,6.878991801,6.60149089,6.878993459,0,0,0,0,0,0
0.59389713,,,,8.031174259,-8.246823166,2.31083755,0.620637745,-0.240873762,0.577924572,0.472008273,-2.705163872,2.708579134,0.510055292,0,0,0,0,0,0,6.878985013,6.878991375,6.634067837,6.878994088,0,0,0,0,0,0
0.609125261,,,,8.261051742,-7.827255233,2.260316541,0.603143584,-0.25965824,0.581343265,0.480453352,-2.321743224,2.300752066,0.400361478,0,0,0,0,0,0,6.878988349,6.878990827,6.680935677,6.878994607,0,0,0,0,0,0
0.624353393,,,,8.473647448,-7.395121646,2.197844932,0.58793948,-0.275773214,0.583775133,0.487322169,-2.009970397,1.972608879,0.311658109,0,0,0,0,0,0,6.878990625,6.878990127,6.714410238,6.878995043,0,0,0,0,0,0
0.639581524,,,,8.670725035,-6.953100145,2.125042744,0.574690216,-0.289725817,0.585480138,0.49295346,-1.749534078,1.701248815,0.237947023,0,0,0,0,0,0,6.878992247,6.878989233,6.742884409,6.878995412,0,0,0,0,0,0
0.654809656,,,,8.85394098,-6.503152993,2.043289956,0.563118079,-0.301904316,0.586641415,0.497597893,-1.533221261,1.477757214,0.176988965,0,0,0,0,0,0,6.878993442,6.878988093,6.765448451,6.87899573,0,0,0,0,0,0
0.670037787,,,,9.024756133,-6.046821283,1.953736683,0.552976701,-0.31262415,0.587392297,0.501451093,-1.352075468,1.292009366,0.126137148,0,0,0,0,0,0,6.878994347,6.878986631,6.783847262,6.878996005,0,0,0,0,0,0
0.685265919,,,,9.18446148,-5.585292298,1.85734901,0.544058315,-0.322135732,0.587829699,0.504663616,-1.199767806,1.136882223,0.083526278,0,0,0,0,0,0,6.878995048,6.878984744,6.799917381,6.878996246,0,0,0,0,0,0
0.70049405,,,,9.334189528,-5.119477133,1.754939332,0.536179333,-0.330646672,0.588025874,0.507355963,-1.072813851,1.008337137,0.048113632,0,0,0,0,0,0,6.8789956,6.878982292,6.810194562,6.87899646,0,0,0,0,0,0
0.715722182,,,,9.474900323,-4.65015922,1.647182685,0.529196586,-0.338314928,0.588033166,0.509618464,-0.962042576,0.896829905,0.01730494,0,0,0,0,0,0,6.878996041,6.878979089,6.815103942,6.87899665,0,0,0,0,0,0
0.730950314,,,,9.607456854,-4.177984534,1.534668322,0.523031873,-0.345234412,0.587886911,0.511507419,-0.858900926,0.793572092,-0.011303585,0,0,0,0,0,0,6.878996397,6.878974914,6.83450318,6.87899682,0,0,0,0,0,0
0.746178445,,,,9.732730178,-3.70315551,1.417940098,0.517541028,-0.351545103,0.587622047,0.513096146,-0.786899596,0.721857073,-0.031221673,0,0,0,0,0,0,6.878996687,6.878969589,6.85420082,6.878996974,0,0,0,0,0,0
0.761406577,,,,9.851299603,-3.225996002,1.297371509,0.512475442,-0.35746237,0.587275671,0.514486988,-0.746618201,0.682063001,-0.042315134,0,0,0,0,0,0,6.878996923,6.878963212,6.853533616,6.878997114,0,0,0,0,0,0
0.776634708,,,,9.963443244,-2.747093138,1.173174799,0.507714835,-0.363091417,0.586866568,0.515730453,-0.705206132,0.641251317,-0.053704615,0,0,0,0,0,0,6.878997117,6.878956493,6.592029171,6.878997242,0,0,0,0,0,0
0.79186284,,,,10.0691065,-2.271360544,1.04573989,0.505033003,-0.367052433,0.586258112,0.516251493,-0.241302226,0.178220641,-0.182215353,0,0,0,0,0,0,6.878997275,6.878950865,6.875768755,6.878997359,0,0,0,0,0,0
0.807090971,,,,10.17318033,-1.790021601,0.917237491,0.504298783,-0.369476107,0.585483121,0.516119811,-0.235819573,0.173396056,-0.183640538,0,0,0,0,0,0,6.878997402,6.878949537,6.87843335,6.878997459,0,0,0,0,0,0
0.822319103,,,,10.27528634,-1.308176269,0.787878254,0.503585594,-0.371877606,0.584704529,0.515974039,-0.234646614,0.172868372,-0.183871706,0,0,0,0,0,0,6.878997502,6.878954066,6.87882181,6.878997537,0,0,0,0,0,0
0.837547234,,,,10.37543092,-0.825877432,0.657659596,0.502872889,-0.374273052,0.583924077,0.515820911,-0.234093954,0.172973825,-0.183930926,0,0,0,0,0,0,6.87899784,6.878952561,6.878833601,6.878997849,0,0,0,0,0,0
0.85489995,,,,10.48716113,-0.275758657,0.508216104,0.502058073,-0.376997886,0.583032774,0.515638508,-0.233488316,0.173110606,-0.183991635,0,0,0,0,0,0,6.878997801,6.87891578,6.878305021,6.87899778,0,0,0,0,0,0
0.872252666,,,,10.59635487,0.274899021,0.35763652,0.501245028,-0.379713979,0.582138732,0.515446615,-0.231978028,0.172205179,-0.184303362,0,0,0,0,0,0,6.878997742,6.878832257,6.850735021,6.878997688,0,0,0,0,0,0
0.889605381,,,,10.70301823,0.8255151,0.205960717,0.500682082,-0.382229494,0.581220763,0.515170351,-0.179924734,0.120360443,-0.198643488,0,0,0,0,0,0,6.878997666,6.87860571,6.728588806,6.878997582,0,0,0,0,0,0
0.906958097,,,,10.80771361,1.373983422,0.053719149,0.501693634,-0.383523218,0.580166468,0.514412585,0.09611206,-0.157094335,-0.275208257,0,0,0,0,0,0,6.878997572,6.877655619,6.875038423,6.878997465,0,0,0,0,0,0
0.924310813,,,,10.91366298,1.925201686,-0.097460133,0.504065901,-0.383758971,0.57897876,0.513254532,0.100385562,-0.167180246,-0.276544061,0,0,0,0,0,0,6.878997463,6.868577372,6.876197343,6.878997338,0,0,0,0,0,0
0.941663529,,,,11.02081894,2.475971272,-0.247225938,0.506498158,-0.383930375,0.577691304,0.512181452,0.08576187,-0.191822786,-0.272655089,0,0,0,0,0,0,6.87899734,6.810423519,6.876060982,6.878997199,0,0,0,0,0,0
0.959016244,,,,11.12877451,3.025300484,-0.395174667,0.509007544,-0.383956836,0.575814261,0.511787461,-0.035842932,-0.323521189,-0.239155507,0,0,0,0,0,0,6.878997204,6.865531367,6.87462839,6.878997046,0,0,0,0,0,0
0.97636896,,,,11.23732598,3.575500023,-0.540115813,0.51160491,-0.383825871,0.573322004,0.512093738,-0.053564193,-0.356217667,-0.234512704,0,0,0,0,0,0,6.878997055,6.868792986,6.871433879,6.878996874,0,0,0,0,0,0
0.993721676,,,,11.34602397,4.125500331,-0.681559729,0.51430472,-0.38358215,0.570634451,0.512573616,-0.059483161,-0.388758022,-0.233164954,0,0,0,0,0,0,6.878996891,6.867675504,6.866648031,6.878996681,0,0,0,0,0,0
1.011074392,,,,11.45482189,4.675144135,-0.819173091,0.51717384,-0.383172978,0.567758223,0.513186407,-0.058756286,-0.432155918,-0.233689456,0,0,0,0,0,0,6.878996707,6.864703861,6.862457715,6.878996464,0,0,0,0,0,0
1.028427107,,,,11.56376673,5.224341254,-0.952542085,0.520289158,-0.382530196,0.564652197,0.513943322,-0.055932926,-0.488739364,-0.234835955,0,0,0,0,0,0,6.878996501,6.8605213,6.859892935,6.878996217,0,0,0,0,0,0
1.045779823,,,,11.67294577,5.773009561,-1.081134162,0.523707704,-0.381596737,0.561253003,0.514887596,-0.056270526,-0.557743723,-0.235156801,0,0,0,0,0,0,6.878996268,6.854902939,6.858027404,6.878995934,0,0,0,0,0,0
1.063132539,,,,11.7824266,6.321021834,-1.204292422,0.527465258,-0.380328159,0.557477833,0.516090456,-0.063727255,-0.640510844,-0.233562326,0,0,0,0,0,0,6.878996003,6.845440352,6.856500855,6.878995606,0,0,0,0,0,0
1.080485255,,,,11.89220527,6.868173015,-1.321215193,0.531587706,-0.378680789,0.553202916,0.517669687,-0.08602412,-0.743463808,-0.227917535,0,0,0,0,0,0,6.878995698,6.838449039,6.850643436,6.878995224,0,0,0,0,0,0
1.09783797,,,,12.00219265,7.414258686,-1.430897077,0.536132125,-0.376580042,0.548286826,0.519741641,-0.110671352,-0.870005367,-0.221694074,0,0,0,0,0,0,6.878995345,6.848852546,6.810249512,6.878994771,0,0,0,0,0,0
1.115190686,,,,12.11236957,7.958672383,-1.532128907,0.541477182,-0.373689612,0.542695753,0.522149265,-0.042328409,-1.051798525,-0.241396352,0,0,0,0,0,0,6.878994931,6.845380598,6.827202589,6.878994229,0,0,0,0,0,0
1.132543402,,,,12.22350626,8.501802231,-1.623294682,0.547798139,-0.369836317,0.536436903,0.524760656,-0.012252061,-1.208909944,-0.250674293,0,0,0,0,0,0,6.878994439,6.662241804,6.863878724,6.878993563,0,0,0,0,0,0
1.149896118,,,,12.33482705,9.039993389,-1.702938271,0.554641515,-0.365213247,0.528084619,0.529262421,-0.386770156,-1.635225858,-0.147764501,0,0,0,0,0,0,6.878993849,6.85992074,6.862076316,6.878992729,0,0,0,0,0,0
1.167248833,,,,12.44566939,9.579490992,-1.766539097,0.561661364,-0.360065683,0.517740904,0.535568457,-0.393722272,-1.700767959,-0.146664922,0,0,0,0,0,0,6.878993117,6.874275654,6.42380698,6.878991669,0,0,0,0,0,0
1.184601549,,,,12.55433348,10.1070306,-1.814448022,0.572367816,-0.35120741,0.506576937,0.540766349,0.428431251,-2.547482066,-0.376573156,0,0,0,0,0,0,6.878992194,6.874714011,6.734257283,6.878990292,0,0,0,0,0,0
1.201954265,,,,12.66970012,10.63377087,-1.83861673,0.587617835,-0.337576238,0.494425404,0.544326266,0.673467924,-2.824521514,-0.448259588,0,0,0,0,0,0,6.878991041,4.980446504,6.867296348,6.878988393,0,0,0,0,0,0
1.219306981,,,,12.78054833,11.11694411,-1.843393542,0.603567923,-0.321053971,0.465648403,0.561962344,-2.794069083,-6.344189238,0.514738149,0,0,0,0,0,0,6.878989554,4.961477023,4.101843743,6.878985623,0,0,0,0,0,0
1.236659696,,,,12.86750104,11.52658792,-1.811001835,0.636769526,-0.276606435,0.39914193,0.598914995,-1.177451617,-14.9926942,0.076001673,0,0,0,0,0,0,6.87898721,6.878200688,6.87793361,6.878981077,0,0,0,0,0,0
1.254012412,,,,12.96285485,11.94908673,-1.626033767,0.679940933,-0.202740043,0.307257118,0.634168642,-1.163140954,-14.99714913,0.075862233,0,0,0,0,0,0,6.878982415,6.878872805,6.878819754,6.878970953,0,0,0,0,0,0
1.271365128,,,,13.04609122,12.26564505,-1.34165157,0.711581268,-0.125326416,0.210206137,0.65860365,-1.149246956,-14.99869435,0.075829307,0,0,0,0,0,0,6.878969413,6.878953918,6.878935126,6.878932774,0,0,0,0,0,0
1.288717844,,,,13.11188811,12.45473266,-0.9886821,0.731135023,-0.045688373,0.10965025,0.67181171,-1.135466719,-14.99977056,0.075801016,0,0,0,0,0,0,6.878930151,6.878972188,6.878958696,6.878505866,0,0,0,0,0,0
1.306070559,,,,13.15610621,12.50348255,-0.602599627,0.738258853,0.034815063,0.007303296,0.67357883,-1.122432091,-14.99989769,0.075577586,0,0,0,0,0,0,6.878886681,6.878977403,6.878962085,6.878476362,0,0,0,0,0,0
1.323423275,,,,13.17606572,12.40854923,-0.221102472,0.732823353,0.114809839,-0.095092204,0.663887119,-1.109408502,-14.9998597,0.075360352,0,0,0,0,0,0,6.878790843,6.87898266,6.87897056,6.878521593,0,0,0,0,0,0
1.340775991,,,,13.17072857,12.17632108,0.118422024,0.714913315,0.192934958,-0.19579432,0.642914954,-1.096164161,-14.99968884,0.075216759,0,0,0,0,0,0,6.878355483,6.878986726,6.878978781,6.878137915,0,0,0,0,0,0
1.358128707,,,,13.14077247,11.82249686,0.381426535,0.684827826,0.267856763,-0.293087549,0.611034608,-1.082856773,-14.99797404,0.075101663,0,0,0,0,0,0,6.116628126,6.878989327,6.878984141,4.580245968,0,0,0,0,0,0
1.375481422,,,,13.09074673,11.4261173,0.509000554,0.657769458,0.316939571,-0.375904693,0.570599955,-3.953016895,-9.351972417,-0.70903048,0,0,0,0,0,0,3.798067573,6.878990926,6.878987323,6.866899846,0,0,0,0,0,0
1.392834138,,,,13.01361502,10.9903958,0.567972731,0.638106435,0.341591741,-0.418389146,0.548712841,1.692104658,-3.651244641,0.857219861,0,0,0,0,0,0,6.876711196,6.878992144,6.878989442,5.888399165,0,0,0,0,0,0
1.410186854,,,,12.93196851,10.49920953,0.610395097,0.622765525,0.356724616,-0.431377712,0.546647894,-0.105893306,-1.817066353,0.352809725,0,0,0,0,0,0,6.873215465,6.878993118,6.878990989,6.848295281,0,0,0,0,0,0
1.42753957,,,,12.84853681,9.982282878,0.641503942,0.614756115,0.363168261,-0.442626633,0.542462347,-0.144248412,-1.750461558,0.340090025,0,0,0,0,0,0,6.641796798,6.878993879,6.878992164,6.860403401,0,0,0,0,0,0
1.444892285,,,,12.76478346,9.463949239,0.65574334,0.606825073,0.369060662,-0.451633127,0.539986183,0.265339773,-1.279341667,0.451660274,0,0,0,0,0,0,6.877744637,6.878994468,6.878993073,6.785961723,0,0,0,0,0,0
1.462245001,,,,12.68204651,8.938134411,0.658928049,0.5995218,0.373915018,-0.458389657,0.539110465,0.102621679,-1.10484857,0.404815949,0,0,0,0,0,0,6.878695771,6.878994912,6.878993799,6.788237895,0,0,0,0,0,0
1.479597717,,,,12.6003012,8.408848145,0.651942933,0.593578996,0.377270401,-0.464815603,0.537845215,-0.059125245,-0.93714979,0.358648034,0,0,0,0,0,0,6.878878872,6.878995232,6.878994394,6.842364219,0,0,0,0,0,0
1.496950433,,,,12.51808,7.875893951,0.63636766,0.588581435,0.379597364,-0.471019084,0.536300996,-0.122495056,-0.869900526,0.340011477,0,0,0,0,0,0,6.878938787,6.87899545,6.878994891,6.848092828,0,0,0,0,0,0
1.514303148,,,,12.43483823,7.340663066,0.612594759,0.584069073,0.381383225,-0.477090288,0.534597989,-0.175870354,-0.813520849,0.324268216,0,0,0,0,0,0,6.878964159,6.878995578,6.878995311,6.852206989,0,0,0,0,0,0
1.531655864,,,,12.35011493,6.803516463,0.581076496,0.57997161,0.382711073,-0.483049058,0.53275583,-0.222073529,-0.764924694,0.310611916,0,0,0,0,0,0,6.878976783,6.87899563,6.878995671,6.858259421,0,0,0,0,0,0
1.54900858,,,,12.26350986,6.264695461,0.542206518,0.576213433,0.38366464,-0.488913297,0.530794981,-0.257436508,-0.727612983,0.300038335,0,0,0,0,0,0,6.878983799,6.878995611,6.878995984,6.863610511,0,0,0,0,0,0
1.566361296,,,,12.17472331,5.724442445,0.496273855,0.572706603,0.384335642,-0.494700569,0.528738695,-0.283164125,-0.700245751,0.292192398,0,0,0,0,0,0,6.878988023,6.878995529,6.878996257,6.866918145,0,0,0,0,0,0
1.583714011,,,,12.08354733,5.182983974,0.443479583,0.569383677,0.384793082,-0.500423743,0.526604776,-0.302958475,-0.679030786,0.286032618,0,0,0,0,0,0,6.878990719,6.87899539,6.878996497,6.867341432,0,0,0,0,0,0
1.601066727,,,,11.98983092,4.640537324,0.383972028,0.566216488,0.385067182,-0.506088988,0.524400697,-0.322101637,-0.658645077,0.28008769,0,0,0,0,0,0,6.878992514,6.878995204,6.878996711,6.857574206,0,0,0,0,0,0
1.618419443,,,,11.89343025,4.097465455,0.317886136,0.563284747,0.385088618,-0.511686858,0.522104979,-0.359391884,-0.620347483,0.269157111,0,0,0,0,0,0,6.878993741,6.878994994,6.878996903,6.489105957,0,0,0,0,0,0
1.635772159,,,,11.79419381,3.561444218,0.245176409,0.563740099,0.382012707,-0.51677347,0.518853132,-1.076312231,0.095927535,0.0701695,0,0,0,0,0,0,6.878994586,6.878994797,6.878997066,6.877724163,0,0,0,0,0,0
1.653124874,,,,11.68441213,3.019297128,0.172654086,0.567405426,0.375977286,-0.521360103,0.514660866,-1.078736652,0.097356562,0.069522268,0,0,0,0,0,0,6.878995805,6.878995309,6.878997573,6.730080791,0,0,0,0,0,0
1.673482727,,,,11.54246872,2.389702707,0.0872811,0.573341408,0.367307771,-0.526416182,0.509166609,-1.400347843,0.418501478,-0.019640787,0,0,0,0,0,0,6.878995991,6.878994967,6.878997556,6.862946627,0,0,0,0,0,0
1.69384058,,,,11.38187961,1.761889964,0.005237519,0.581039373,0.356864521,-0.531066831,0.502999983,-1.434856145,0.453651879,-0.02924896,0,0,0,0,0,0,6.878996083,6.878994741,6.878997497,6.87885381,0,0,0,0,0,0
1.714198433,,,,11.20230376,1.13953842,-0.073164462,0.588787923,0.346169759,-0.535558946,0.496660744,-1.434979756,0.454558187,-0.029332497,0,0,0,0,0,0,6.878996097,6.878994656,6.878997394,6.878949163,0,0,0,0,0,0
1.734556286,,,,11.00392266,0.523629565,-0.148017459,0.596402941,0.335389821,-0.539920392,0.490207272,-1.434896771,0.455259298,-0.02935896,0,0,0,0,0,0,6.878996041,6.878994714,6.878997242,6.878973604,0,0,0,0,0,0
1.754914139,,,,10.78692585,-0.085253245,-0.219417707,0.603881306,0.324528511,-0.544150309,0.483641452,-1.434760033,0.455907898,-0.02937088,0,0,0,0,0,0,6.878995918,6.878994893,6.878997035,6.878983538,0,0,0,0,0,0
1.775271992,,,,10.55152107,-0.686534914,-0.287465284,0.611220905,0.313588788,-0.548247723,0.476964896,-1.434600417,0.456535375,-0.029377011,0,0,0,0,0,0,6.878995724,6.878995158,6.878996757,6.878988566,0,0,0,0,0,0
1.795629845,,,,10.29793367,-1.279647832,-0.35226366,0.618419883,0.302573435,-0.552211651,0.470179176,-1.434428062,0.457152415,-0.029380339,0,0,0,0,0,0,6.87899545,6.87899547,6.878996391,6.878991467,0,0,0,0,0,0
1.815987698,,,,10.02640628,-1.864032194,-0.413919479,0.625476499,0.291485187,-0.556041132,0.463285867,-1.434247113,0.457763646,-0.029382172,0,0,0,0,0,0,6.878995081,6.878995797,6.878995908,6.878993292,0,0,0,0,0,0
1.836345551,,,,9.737198533,-2.439136471,-0.472542398,0.632389081,0.280326769,-0.55973523,0.456286561,-1.434059411,0.458371346,-0.029383177,0,0,0,0,0,0,6.878994594,6.878996116,6.878995263,6.878994513,0,0,0,0,0,0
1.856703404,,,,9.430586742,-3.004417905,-0.528244963,0.639156011,0.269100908,-0.563293036,0.449182871,-1.433865683,0.458976691,-0.029383736,0,0,0,0,0,0,6.878993958,6.878996413,6.878994389,6.878995368,0,0,0,0,0,0
1.877061257,,,,9.106863681,-3.559343018,-0.581142482,0.645775711,0.257810346,-0.566713673,0.441976434,-1.433665952,0.459580247,-0.029384104,0,0,0,0,0,0,6.878993121,6.87899668,6.878993177,6.878995985,0,0,0,0,0,0
1.89741911,,,,8.766338277,-4.103388114,-0.631352912,0.652246646,0.246457842,-0.569996297,0.434668915,-1.433459632,0.460182159,-0.029384487,0,0,0,0,0,0,6.878992009,6.878996916,6.878991445,6.878996443,0,0,0,0,0,0
1.917776963,,,,8.409335334,-4.636039784,-0.678996741,0.658567313,0.235046179,-0.573140093,0.427262005,-1.433245419,0.460782176,-0.029385108,0,0,0,0,0,0,6.878990507,6.878997121,6.87898887,6.878996788,0,0,0,0,0,0
1.938134816,,,,8.036195233,-5.156795404,-0.724196876,0.664736242,0.223578171,-0.576144279,0.41975743,-1.43302096,0.4613795,-0.029386288,0,0,0,0,0,0,6.87898843,6.878997297,6.878984842,6.87899705,0,0,0,0,0,0
1.958492669,,,,7.64727364,-5.665163631,-0.767078528,0.670751989,0.212056677,-0.579008104,0.41215695,-1.43278211,0.461972365,-0.029388585,0,0,0,0,0,0,6.878985469,6.878997447,6.8789781,6.878997251,0,0,0,0,0,0
1.978850522,,,,7.242941221,-6.160664911,-0.80776911,0.676613124,0.200484629,-0.581730848,0.404462377,-1.432521282,0.462556921,-0.029393114,0,0,0,0,0,0,6.878981078,6.878997573,6.87896571,6.878997404,0,0,0,0,0,0
1.999208375,,,,6.823583392,-6.642832001,-0.846398155,0.682318211,0.188865087,-0.58431183,0.396675589,-1.432223329,0.463124171,-0.029402417,0,0,0,0,0,0,6.878974226,6.878997679,6.878939602,6.878997521,0,0,0,0,0,0
2.019566228,,,,6.389600197,-7.111210536,-0.883097303,0.687865735,0.177201395,-0.586750423,0.388798581,-1.431853399,0.463649985,-0.029423243,0,0,0,0,0,0,6.878962773,6.878997766,6.878870823,6.878997608,0,0,0,0,0,0
2.039924081,,,,5.941406674,-7.565359675,-0.918000561,0.69325387,0.16549769,-0.589046143,0.380833597,-1.431309402,0.4640526,-0.029478393,0,0,0,0,0,0,6.878941663,6.878997837,6.878585753,6.878997673,0,0,0,0,0,0
2.060281934,,,,5.479436334,-8.00485231,-0.951246243,0.698479121,0.153761675,-0.591199224,0.372783775,-1.430103047,0.463887636,-0.029691596,0,0,0,0,0,0,6.878897013,6.878997895,6.77065969,6.878997721,0,0,0,0,0,0
2.080639787,,,,5.006338459,-8.428159827,-0.98399891,0.702791502,0.143465831,-0.593558431,0.364952119,-1.195663843,0.231317446,-0.094499921,0,0,0,0,0,0,6.878785866,6.878997942,6.870500513,6.878997754,0,0,0,0,0,0
2.10099764,,,,4.520327868,-8.840350101,-1.016599047,0.70617869,0.134726849,-0.596181374,0.357390687,-1.176549666,0.215066593,-0.099460974,0,0,0,0,0,0,6.878392082,6.878997979,6.878751093,6.878997769,0,0,0,0,0,0
2.121355493,,,,4.023748575,-9.240446033,-1.050136449,0.709411995,0.126083677,-0.598722132,0.349813287,-1.1744025,0.217506535,-0.099246139,0,0,0,0,0,0,6.874864234,6.87899801,6.878925066,6.878997757,0,0,0,0,0,0
2.141713346,,,,3.517155676,-9.628094784,-1.084718252,0.712567104,0.117432627,-0.601108703,0.3422368,-1.165008483,0.227909627,-0.096814825,0,0,0,0,0,0,6.73410913,6.878998034,6.878966232,6.87899771,0,0,0,0,0,0
2.162071199,,,,3.003954466,-10.00150126,-1.120290729,0.716273317,0.109102792,-0.601728022,0.336113824,-0.851824515,0.541497158,-0.010080326,0,0,0,0,0,0,6.878058968,6.878998053,6.878981568,6.878997616,0,0,0,0,0,0
2.182429052,,,,2.480949011,-10.36547923,-1.151865093,0.72053694,0.101098269,-0.600640367,0.331416367,-0.849686316,0.543609115,-0.009528171,0,0,0,0,0,0,6.87783842,6.878997939,6.878987229,6.878997303,0,0,0,0,0,0
2.201844841,,,,1.976184498,-10.7021242,-1.178322607,0.724541659,0.09345946,-0.599521176,0.326923651,-0.847209583,0.546082324,-0.008872504,0,0,0,0,0,0,6.835217802,6.878997883,6.878990587,6.878996983,0,0,0,0,0,0
2.22126063,,,,1.46671922,-11.02797907,-1.201284493,0.728665363,0.085917214,-0.5978836,0.32280059,-0.757069345,0.636190925,0.016123546,0,0,0,0,0,0,6.878511751,6.87899781,6.878992764,6.878996533,0,0,0,0,0,0
2.240676419,,,,0.951632821,-11.3442423,-1.219412444,0.732906831,0.078471776,-0.5957375,0.319040105,-0.756201306,0.637016917,0.0163975,0,0,0,0,0,0,6.878844223,6.878997719,6.878994179,6.878995902,0,0,0,0,0,0
2.260092207,,,,0.432034428,-11.65036469,-1.232809004,0.737082595,0.071020276,-0.593531568,0.315254891,-0.756024004,0.63716053,0.016482096,0,0,0,0,0,0,6.878921834,6.878997609,6.878995122,6.87899501,0,0,0,0,0,0
2.279507996,,,,-0.09187931,-11.94623108,-1.241540892,0.741190551,0.06356235,-0.591270227,0.311441669,-0.756011087,0.637147247,0.016522463,0,0,0,0,0,0,6.878952037,6.87899748,6.878995765,6.87899372,0,0,0,0,0,0
2.298923785,,,,-0.61991589,-12.2317313,-1.24567861,0.745229879,0.056098366,-0.58895479,0.307599831,-0.756064882,0.637075148,0.016545287,0,0,0,0,0,0,6.87896699,6.878997327,6.878996208,6.878991789,0,0,0,0,0,0
2.318339574,,,,-1.151882499,-12.50675897,-1.245295201,0.749200032,0.048628844,-0.586585923,0.303729323,-0.756154813,0.63697663,0.01655881,0,0,0,0,0,0,6.878975524,6.878997148,6.878996513,6.878988762,0,0,0,0,0,0
2.337755363,,,,-1.687585328,-12.77121142,-1.240465788,0.753100572,0.041154343,-0.584164067,0.299830271,-0.756269615,0.636866901,0.016566007,0,0,0,0,0,0,6.878980876,6.878996939,6.878996717,6.878983718,0,0,0,0,0,0
2.357171152,,,,-2.226829411,-13.02498967,-1.231267346,0.756931124,0.033675425,-0.581689553,0.295902862,-0.756406688,0.636756454,0.016567503,0,0,0,0,0,0,6.878984465,6.878996694,6.878996842,6.8789746,0,0,0,0,0,0
2.376586941,,,,-2.769418589,-13.26799848,-1.217778566,0.760691381,0.02619261,-0.579162632,0.291947283,-0.756570652,0.636657134,0.016561954,0,0,0,0,0,0,6.878986995,6.878996407,6.878996905,6.878956136,0,0,0,0,0,0
2.396002729,,,,-3.315155495,-13.50014617,-1.200079731,0.764381135,0.018706308,-0.576583467,0.287963644,-0.756778453,0.636590241,0.016544617,0,0,0,0,0,0,6.878988849,6.878996068,6.878996915,6.878911974,0,0,0,0,0,0
2.415418518,,,,-3.863841434,-13.72134421,-1.178252593,0.768000414,0.011216622,-0.573952026,0.283951797,-0.757081469,0.636610051,0.0165012,0,0,0,0,0,0,6.878990251,6.878995666,6.878996879,6.878773711,0,0,0,0,0,0
2.434834307,,,,-4.415275554,-13.93150582,-1.152380261,0.771550014,0.00372259,-0.571267661,0.279910659,-0.757672175,0.636911564,0.016378238,0,0,0,0,0,0,6.878991337,6.878995185,6.878996805,6.878041776,0,0,0,0,0,0
2.454250096,,,,-4.969247028,-14.13053761,-1.122548331,0.775035078,-0.003782883,-0.568526228,0.27583373,-0.759770623,0.638720134,0.015836914,0,0,0,0,0,0,6.878992195,6.878994603,6.8789967,6.835096161,0,0,0,0,0,0
2.473665885,,,,-5.52474087,-14.3178194,-1.089076664,0.77873022,-0.011688918,-0.565506672,0.271375787,-0.85020062,0.729098323,-0.009228834,0,0,0,0,0,0,6.878992883,6.878993893,6.878996575,6.731417027,0,0,0,0,0,0
2.493081674,,,,-6.080543921,-14.49117938,-1.051834655,0.783524097,-0.021302052,-0.561443237,0.265363342,-1.153472959,1.033747547,-0.09350088,0,0,0,0,0,0,6.878993441,6.878993018,6.87899644,6.855093635,0,0,0,0,0,0
2.512497463,,,,-6.641382094,-14.64837766,-1.007560855,0.789218565,-0.032436356,-0.55637463,0.257932569,-1.201253272,1.084577159,-0.107146972,0,0,0,0,0,0,6.878993904,6.878991917,6.878996294,6.843187265,0,0,0,0,0,0
2.531913251,,,,-7.204131317,-14.78692275,-0.95692956,0.795080516,-0.044087579,-0.550837266,0.249963127,-1.273208707,1.160291907,-0.127591948,0,0,0,0,0,0,6.878994294,6.878990501,6.878996132,6.870154865,0,0,0,0,0,0
2.55132904,,,,-7.76904029,-14.90590858,-0.899401011,0.800993389,-0.056115,-0.544889207,0.241570798,-1.289353788,1.180757321,-0.132636511,0,0,0,0,0,0,6.878994571,6.878988487,6.878995913,6.870037875,0,0,0,0,0,0
2.57057251,,,,-8.329875294,-15.00385916,-0.835844522,0.806735564,-0.068165245,-0.538720036,0.233049248,-1.305481473,1.201391387,-0.137701659,0,0,0,0,0,0,6.878994846,6.878985774,6.878995703,6.828624547,0,0,0,0,0,0
2.58981598,,,,-8.890112395,-15.08119889,-0.766192346,0.812559078,-0.080701249,-0.532039975,0.223983299,-1.405741061,1.306962437,-0.166204843,0,0,0,0,0,0,6.878995077,6.87898186,6.878995469,6.818058239,0,0,0,0,0,0
2.609059451,,,,-9.449576602,-15.13651229,-0.689886582,0.81868013,-0.094164612,-0.524525605,0.213936346,-1.526753193,1.434941222,-0.200686441,0,0,0,0,0,0,6.878995269,6.878975968,6.878995207,6.825138236,0,0,0,0,0,0
2.628302921,,,,-10.0076131,-15.16790167,-0.606394639,0.825042483,-0.108567479,-0.516104612,0.202864568,-1.632375082,1.549426222,-0.231157793,0,0,0,0,0,0,6.878995424,6.878966594,6.878994915,6.821504879,0,0,0,0,0,0
2.647546391,,,,-10.56276616,-15.17353044,-0.515558393,0.831549483,-0.123857704,-0.506741519,0.190781965,-1.744402589,1.672340572,-0.263680516,0,0,0,0,0,0,6.878995546,6.878950529,6.878994589,6.81822634,0,0,0,0,0,0
2.666789861,,,,-11.11355446,-15.15158399,-0.417178308,0.838142937,-0.140067891,-0.496336408,0.177616364,-1.861948113,1.803108473,-0.298050003,0,0,0,0,0,0,6.878995639,6.878919982,6.878994224,6.819137103,0,0,0,0,0,0
2.686033331,,,,-11.6582914,-15.10023842,-0.311084363,0.844732779,-0.157184769,-0.484810672,0.163334299,-1.976344849,1.933274438,-0.331886981,0,0,0,0,0,0,6.878995707,6.878852031,6.878993817,6.766748136,0,0,0,0,0,0
2.705276801,,,,-12.19379175,-15.01766702,-0.197777573,0.851382213,-0.175605268,-0.471763957,0.147478425,-2.195669845,2.1723175,-0.395337109,0,0,0,0,0,0,6.878995756,6.878659749,6.87899336,6.7274317,0,0,0,0,0,0
2.724520271,,,,-12.7173845,-14.90081533,-0.076887552,0.85819363,-0.196036361,-0.456478257,0.129232503,-2.491903614,2.494844302,-0.480931184,0,0,0,0,0,0,6.87899579,6.877823304,6.878992826,6.876682595,0,0,0,0,0,0
2.743763741,,,,-13.22892943,-14.74558137,0.053831446,0.864593283,-0.217455209,-0.439537436,0.109537797,-2.482778934,2.513291308,-0.481578486,0,0,0,0,0,0,6.878995816,6.69764703,6.878992148,6.878562609,0,0,0,0,0,0
2.763007211,,,,-13.71989954,-14.55355536,0.188963586,0.868850408,-0.240113694,-0.423538003,0.08977718,-2.840216458,2.159407175,-0.379185164,0,0,0,0,0,0,6.878995839,6.869487904,6.878991231,6.878840242,0,0,0,0,0,0
2.782250682,,,,-14.1957709,-14.32182684,0.328097076,0.870875663,-0.264074974,-0.408582141,0.070004447,-2.848989985,2.154737052,-0.373894494,0,0,0,0,0,0,6.87899585,6.878408491,6.878989941,6.878918992,0,0,0,0,0,0
2.801494152,,,,-14.65162754,-14.0522797,0.467145404,0.871877336,-0.287731333,-0.393096014,0.050160894,-2.839452,2.168002547,-0.373608903,0,0,0,0,0,0,6.87899584,6.878814767,6.878988065,6.878950764,0,0,0,0,0,0
2.820737622,,,,-15.08495084,-13.74636112,0.604845389,0.87191685,-0.310967255,-0.377020903,0.030259077,-2.828952766,2.181971353,-0.373536331,0,0,0,0,0,0,6.878995799,6.87891444,6.878985235,6.87896636,0,0,0,0,0,0
2.839981092,,,,-15.49345086,-13.40565081,0.740089307,0.87099763,-0.333746631,-0.360374596,0.010318197,-2.81814324,2.196050634,-0.373512924,0,0,0,0,0,0,6.878995717,6.878952039,6.878980755,6.878975003,0,0,0,0,0,0
2.859224562,,,,-15.87496129,-13.03189825,0.871788294,0.869121784,-0.35603749,-0.343178753,-0.009642315,-2.807159603,2.210124685,-0.373508395,0,0,0,0,0,0,6.878995586,6.878969721,6.878973172,6.878980192,0,0,0,0,0,0
2.878468032,,,,-16.2274478,-12.62701454,0.998872521,0.866291986,-0.377809357,-0.325456524,-0.029602966,-2.796042808,2.22415347,-0.373515154,0,0,0,0,0,0,6.878995392,6.87897926,6.878959061,6.878983479,0,0,0,0,0,0
2.897711502,,,,-16.5490178,-12.19306302,1.120295356,0.862511828,-0.399032735,-0.307232151,-0.049544216,-2.784799861,2.238110828,-0.373533329,0,0,0,0,0,0,6.878995122,6.878984915,6.878928793,6.878985634,0,0,0,0,0,0
2.916954972,,,,-16.8379298,-11.73224934,1.235038111,0.857785946,-0.419678871,-0.288530949,-0.069446434,-2.773407853,2.251958191,-0.373570463,0,0,0,0,0,0,6.878994751,6.878988507,6.878846761,6.878987081,0,0,0,0,0,0
2.936198442,,,,-17.09260239,-11.24691133,1.342114751,0.852120162,-0.439719392,-0.26937972,-0.089289709,-2.761766389,2.265587573,-0.37365503,0,0,0,0,0,0,6.878994247,6.878990911,6.878489042,6.878988081,0,0,0,0,0,0
2.955441912,,,,-17.31162332,-10.73951217,1.440575267,0.845522083,-0.459124321,-0.249809481,-0.109052682,-2.749314487,2.278436995,-0.373942569,0,0,0,0,0,0,6.878993556,6.878992588,6.827551534,6.878988821,0,0,0,0,0,0
2.974685383,,,,-17.493697,-10.21370063,1.52905462,0.838109478,-0.477474841,-0.230398337,-0.128479124,-2.632646283,2.187526505,-0.403060084,0,0,0,0,0,0,6.878992597,6.878993795,6.474118284,6.878989446,0,0,0,0,0,0
2.993928853,,,,-17.63953147,-9.679278502,1.604452655,0.830919735,-0.491800512,-0.215592478,-0.145686423,-1.794054117,1.376372626,-0.632215097,0,0,0,0,0,0,6.878991238,6.878994688,6.878319017,6.878989999,0,0,0,0,0,0
3.013172323,,,,-17.76135989,-9.126388732,1.675451527,0.824233057,-0.502713771,-0.204966342,-0.160958167,-1.780893386,1.390237335,-0.632598217,0,0,0,0,0,0,6.878989228,6.878995364,6.878818789,6.878990375,0,0,0,0,0,0
3.032415793,,,,-17.85872687,-8.565025269,1.738501081,0.817215648,-0.513247271,-0.194142981,-0.176194002,-1.768619904,1.405024274,-0.632697506,0,0,0,0,0,0,6.878986075,6.878995883,6.878926151,6.878990479,0,0,0,0,0,0
3.051659263,,,,-17.93124029,-7.99643948,1.793608977,0.809869964,-0.523397848,-0.183125045,-0.191391097,-1.756430009,1.419935007,-0.632734481,0,0,0,0,0,0,6.878980709,6.878996282,6.87896219,6.878990238,0,0,0,0,0,0
3.070902733,,,,-17.97856206,-7.421891185,1.840803606,0.802199559,-0.533159132,-0.171920364,-0.206544418,-1.744174903,1.434827984,-0.632748383,0,0,0,0,0,0,6.878970413,6.878996586,6.878977589,6.87898955,0,0,0,0,0,0
3.090146203,,,,-18.00041118,-6.842652608,1.880132106,0.794208351,-0.542524307,-0.160537883,-0.221648505,-1.731804137,1.449670648,-0.632748304,0,0,0,0,0,0,6.878946462,6.878996813,6.878985265,6.878988223,0,0,0,0,0,0
3.109389673,,,,-17.9965651,-6.260006721,1.911660176,0.785900584,-0.551486475,-0.148986887,-0.236697796,-1.719276222,1.464474725,-0.632731204,0,0,0,0,0,0,6.878867877,6.878996973,6.878989516,6.878985878,0,0,0,0,0,0
3.128633143,,,,-17.96686036,-5.675245469,1.935472236,0.777281157,-0.560038316,-0.137276471,-0.251686825,-1.706475377,1.47934413,-0.632668638,0,0,0,0,0,0,6.87839507,6.878997071,6.878992046,6.878981722,0,0,0,0,0,0
3.147876614,,,,-17.91119317,-5.089674463,1.951672344,0.768358484,-0.568168414,-0.125413008,-0.266611086,-1.692596461,1.495074247,-0.632339447,0,0,0,0,0,0,6.878547527,6.878997108,6.878993618,6.878974058,0,0,0,0,0,0
3.167120084,,,,-17.82951603,-4.504582979,1.960399337,0.759139363,-0.575867912,-0.113404723,-0.281465708,-1.678921005,1.510388275,-0.632100012,0,0,0,0,0,0,6.878905798,6.878997078,6.878994607,6.878959825,0,0,0,0,0,0
3.186363554,,,,-17.72184232,-3.921267078,1.961803176,0.749624367,-0.583136464,-0.101265242,-0.296244026,-1.665883751,1.524885273,-0.632070832,0,0,0,0,0,0,6.878960722,6.878997046,6.878995309,6.878922864,0,0,0,0,0,0
3.206413137,,,,-17.58208901,-3.316806579,1.955642765,0.739397407,-0.590250127,-0.088491295,-0.311553452,-1.652366767,1.539834933,-0.632094181,0,0,0,0,0,0,6.878978112,6.878996736,6.878995475,6.87868184,0,0,0,0,0,0
3.226462721,,,,-17.41435474,-2.717143504,1.94189111,0.728853501,-0.596891469,-0.075598446,-0.326769067,-1.63926396,1.555144088,-0.632269635,0,0,0,0,0,0,6.878986397,6.878996272,6.878995491,6.695363018,0,0,0,0,0,0
3.246512304,,,,-17.21904257,-2.127975736,1.919323503,0.716757338,-0.603746796,-0.060848325,-0.343578529,-2.012757756,1.963317755,-0.740551632,0,0,0,0,0,0,6.878990603,6.878995597,6.878995389,6.878542311,0,0,0,0,0,0
3.266561888,,,,-16.98941038,-1.544373856,1.889454084,0.702984452,-0.610629543,-0.044224414,-0.361923505,-1.993187937,1.985113548,-0.74081611,0,0,0,0,0,0,6.878992981,6.87899461,6.87899516,6.878889855,0,0,0,0,0,0
3.286611471,,,,-16.72622534,-0.972709855,1.851176545,0.688745463,-0.616774431,-0.027486399,-0.380083525,-1.972659514,2.005958713,-0.740876597,0,0,0,0,0,0,6.878994437,6.878993129,6.878994774,6.878950811,0,0,0,0,0,0
3.306661055,,,,-16.43021826,-0.41509876,1.804855955,0.674054176,-0.622173087,-0.010661431,-0.398042651,-1.951790763,2.026453138,-0.740901353,0,0,0,0,0,0,6.878995382,6.878990811,6.878994181,6.878971674,0,0,0,0,0,0
3.326710638,,,,-16.10224723,0.126404216,1.750890479,0.658922554,-0.626819437,0.006226284,-0.41578804,-1.9306711,2.046677194,-0.740913345,0,0,0,0,0,0,6.878996023,6.878986953,6.878993301,6.87898117,0,0,0,0,0,0
3.346760222,,,,-15.7432932,0.64980622,1.689707772,0.643362509,-0.630708597,0.023152908,-0.433307387,-1.909329704,2.06664908,-0.740918361,0,0,0,0,0,0,6.878996471,6.878979938,6.878991992,6.878986238,0,0,0,0,0,0
3.366809805,,,,-15.35445583,1.153183801,1.621763023,0.627386112,-0.633836747,0.04009467,-0.450588574,-1.88778419,2.086368603,-0.740917288,0,0,0,0,0,0,6.87899679,6.878965375,6.878990006,6.878989226,0,0,0,0,0,0
3.386859389,,,,-14.93694925,1.63469013,1.547536992,0.611005617,-0.636201172,0.057027805,-0.467619539,-1.866056243,2.105820761,-0.740907223,0,0,0,0,0,0,6.878997019,6.878927701,6.878986876,6.878991103,0,0,0,0,0,0
3.406908972,,,,-14.49209749,2.092561963,1.467533744,0.594233389,-0.637800479,0.073928574,-0.484388061,-1.844198251,2.124954512,-0.740875817,0,0,0,0,0,0,6.878997185,6.878773412,6.878981661,6.878992326,0,0,0,0,0,0
3.426958556,,,,-14.02133083,2.525125589,1.382277031,0.57708143,-0.638635827,0.090773387,-0.500880719,-1.822461307,2.143517503,-0.740755878,0,0,0,0,0,0,6.878997306,6.773627321,6.878972246,6.878993136,0,0,0,0,0,0
3.447008139,,,,-13.52806982,2.929438142,1.291237503,0.559108828,-0.63989172,0.107668809,-0.516084617,-2.026150478,1.938544285,-0.678637106,0,0,0,0,0,0,6.878997395,6.806303925,6.878952981,6.878993668,0,0,0,0,0,0
3.467057723,,,,-13.01149523,3.306946886,1.192373743,0.540026238,-0.642391583,0.124735716,-0.529287934,-2.163389034,1.803182485,-0.635798618,0,0,0,0,0,0,6.878997455,6.878775958,6.878905702,6.878994,0,0,0,0,0,0
3.487107307,,,,-12.47239474,3.657311402,1.083771993,0.52028176,-0.64496913,0.141834947,-0.541483665,-2.147500021,1.821756244,-0.635724146,0,0,0,0,0,0,6.878997486,6.878928181,6.878751957,6.878994188,0,0,0,0,0,0
3.50715689,,,,-11.91381699,3.978299377,0.965186759,0.500180515,-0.646821171,0.1588233,-0.55336876,-2.130794531,1.840181357,-0.635830009,0,0,0,0,0,0,6.878997482,6.87896548,6.877892519,6.878994284,0,0,0,0,0,0
3.527206474,,,,-11.33753945,4.268662248,0.837125927,0.479745848,-0.647946686,0.175665568,-0.564934174,-2.112016282,1.856710627,-0.636464613,0,0,0,0,0,0,6.878997441,6.878979968,6.759952715,6.878994342,0,0,0,0,0,0
3.547256057,,,,-10.74821979,4.526883531,0.700025865,0.459858435,-0.648551986,0.190799851,-0.575765541,-1.842526419,1.622135561,-0.706656054,0,0,0,0,0,0,6.878997355,6.878986971,6.747068329,6.878994419,0,0,0,0,0,0
3.567305641,,,,-10.14687699,4.756734342,0.555437192,0.441556434,-0.649005915,0.202550055,-0.585485023,-1.546421901,1.359264567,-0.784449369,0,0,0,0,0,0,6.878997215,6.87899086,6.861649044,6.87899454,0,0,0,0,0,0
3.587355224,,,,-9.533515313,4.962466967,0.404917861,0.424185173,-0.649266118,0.212260268,-0.594530088,-1.49459744,1.339213041,-0.794677304,0,0,0,0,0,0,6.878997006,6.878993235,6.845612205,6.8789947,0,0,0,0,0,0
3.607404808,,,,-8.912558831,5.143924505,0.249087079,0.407055047,-0.649187357,0.221206052,-0.603265984,-1.408802624,1.284603723,-0.814363245,0,0,0,0,0,0,6.878996705,6.878994778,6.833273888,6.87899489,0,0,0,0,0,0
3.627454391,,,,-8.285248967,5.301950537,0.088755246,0.390402456,-0.648890826,0.229030526,-0.61161396,-1.297127506,1.203085799,-0.841325633,0,0,0,0,0,0,6.878996271,6.878995829,6.84023255,6.878995103,0,0,0,0,0,0
3.647503975,,,,-7.652419502,5.437918576,-0.075225026,0.374293582,-0.648449173,0.235674681,-0.619576815,-1.200702969,1.135597432,-0.864184781,0,0,0,0,0,0,6.878995637,6.87899657,6.842303989,6.878995331,0,0,0,0,0,0
3.667553558,,,,-7.015272217,5.553036071,-0.242084239,0.358681532,-0.647887946,0.241261476,-0.627201457,-1.109121163,1.07175239,-0.885822343,0,0,0,0,0,0,6.87899468,6.878997107,6.84384816,6.878995566,0,0,0,0,0,0
3.687603142,,,,-6.374749262,5.648506341,-0.41109863,0.343556043,-0.647242468,0.245844779,-0.634513024,-1.021278496,1.010408947,-0.906548931,0,0,0,0,0,0,6.878993151,6.878997504,6.845736528,6.878995802,0,0,0,0,0,0
3.707652725,,,,-5.73163791,5.725534658,-0.581591974,0.328904986,-0.646543629,0.249475602,-0.64153314,-0.937920336,0.952285699,-0.926161153,0,0,0,0,0,0,6.878990498,6.878997799,6.847637283,6.878996033,0,0,0,0,0,0
3.727702309,,,,-5.086612006,5.78530695,-0.752938442,0.314710733,-0.645816121,0.252208681,-0.64828194,-0.859076716,0.897407747,-0.944650986,0,0,0,0,0,0,6.878985242,6.878998019,6.849661495,6.878996254,0,0,0,0,0,0
3.747751892,,,,-4.440235326,5.828978844,-0.924562376,0.300952278,-0.645079322,0.254099613,-0.654777658,-0.785003933,0.84604848,-0.961944053,0,0,0,0,0,0,6.878972174,6.87899818,6.851111653,6.878996463,0,0,0,0,0,0
3.767801476,,,,-3.792994017,5.857667305,-1.095938105,0.287610185,-0.644350162,0.255197721,-0.661035078,-0.714463548,0.797010922,-0.978374237,0,0,0,0,0,0,6.8789194,6.878998291,6.83891341,6.878996657,0,0,0,0,0,0
3.787851059,,,,-3.14560311,5.87254204,-1.266600592,0.274772349,-0.643710765,0.255381451,-0.667020931,-0.618507293,0.721196883,-1.001966478,0,0,0,0,0,0,6.867504005,6.878998358,6.845337477,6.878996836,0,0,0,0,0,0
3.807900643,,,,-2.498211771,5.875087157,-1.436047655,0.262557499,-0.643100524,0.254563824,-0.672816866,-0.512552384,0.682063649,-1.015038836,0,0,0,0,0,0,6.594177159,6.87899772,6.831801648,6.878995758,0,0,0,0,0,0
3.822308573,,,,-2.037943026,5.870214184,-1.55622143,0.255102478,-0.641131377,0.252948583,-0.67815212,0.003217977,1.047726024,-0.914343286,0,0,0,0,0,0,6.878805114,6.878997715,6.870032255,6.878995897,0,0,0,0,0,0
3.836716503,,,,-1.572515455,5.860460191,-1.671602767,0.24878619,-0.637656014,0.250543872,-0.684637136,0.02682944,1.034183226,-0.918061666,0,0,0,0,0,0,6.878927683,6.87899769,6.875062941,6.878996028,0,0,0,0,0,0
3.851124433,,,,-1.107442333,5.846240428,-1.781659469,0.242540098,-0.634135581,0.247987372,-0.691048934,0.042502405,1.027958381,-0.919700103,0,0,0,0,0,0,6.878960054,6.878997651,6.876054992,6.878996154,0,0,0,0,0,0
3.865532363,,,,-0.642897126,5.827747091,-1.886306844,0.236340772,-0.630556713,0.245316053,-0.69739609,0.056573288,1.023061331,-0.920931794,0,0,0,0,0,0,6.878973497,6.878997603,6.876081791,6.878996274,0,0,0,0,0,0
3.879940293,,,,-0.178998667,5.80515306,-1.985462514,0.230184446,-0.626918911,0.242536103,-0.703678932,0.070549465,1.01805348,-0.922157754,0,0,0,0,0,0,6.878980388,6.87899755,6.875244082,6.87899639,0,0,0,0,0,0
3.894348223,,,,0.284138083,5.778633861,-2.079050025,0.224074288,-0.623226843,0.239642546,-0.709894687,0.085756592,1.011617923,-0.923741553,0,0,0,0,0,0,6.878984366,6.878997499,6.871874357,6.8789965,0,0,0,0,0,0
3.908756153,,,,0.746373531,5.74838606,-2.167004061,0.21802582,-0.619495761,0.2366098,-0.716034598,0.106045967,0.999858964,-0.926754933,0,0,0,0,0,0,6.878986829,6.878997453,6.773154571,6.878996604,0,0,0,0,0,0
3.923164083,,,,1.206039127,5.714993138,-2.249501706,0.212406916,-0.61604972,0.232817649,-0.721915499,0.276593048,0.836289431,-0.97160305,0,0,0,0,0,0,6.878988411,6.878997419,6.779587158,6.878996701,0,0,0,0,0,0
3.937572013,,,,1.664933178,5.679737415,-2.326453858,0.207542833,-0.613198119,0.227709169,-0.727366877,0.436113895,0.680812019,-1.013725892,0,0,0,0,0,0,6.878989416,6.878997401,6.877745081,6.878996784,0,0,0,0,0,0
3.951979943,,,,2.12464102,5.643836938,-2.397777419,0.203055064,-0.610625508,0.221924738,-0.732567089,0.444968684,0.674406065,-1.014253456,0,0,0,0,0,0,6.878989996,6.878997403,6.878716702,6.878996843,0,0,0,0,0,0
3.966387872,,,,2.583507122,5.607805386,-2.463738678,0.198592576,-0.608018409,0.21606852,-0.737691669,0.45228167,0.669399844,-1.014369505,0,0,0,0,0,0,6.878992576,6.878998162,6.878826566,6.878997745,0,0,0,0,0,0
3.986682748,,,,3.228309667,5.557110753,-2.547574634,0.192343016,-0.604283704,0.207710176,-0.744783091,0.462259187,0.662453426,-1.014468847,0,0,0,0,0,0,6.878991149,6.878998137,6.878846767,6.878997609,0,0,0,0,0,0
4.006977624,,,,3.871165757,5.506843549,-2.620827416,0.186134939,-0.600478083,0.199226771,-0.751723719,0.472096009,0.655410412,-1.014555345,0,0,0,0,0,0,6.87898869,6.878998123,6.878928836,6.878997408,0,0,0,0,0,0
4.0272725,,,,4.511937157,5.457397948,-2.683547391,0.179967468,-0.596603842,0.190621237,-0.758511114,0.481660358,0.648409528,-1.014591499,0,0,0,0,0,0,6.878984414,6.878998109,6.878961663,6.878997131,0,0,0,0,0,0
4.047567376,,,,5.15048587,5.409164601,-2.735800763,0.173839641,-0.592663117,0.181896719,-0.765142989,0.491061535,0.641352223,-1.014605664,0,0,0,0,0,0,6.878976482,6.878998086,6.878975367,6.87899676,0,0,0,0,0,0
4.067862251,,,,5.786677683,5.362530854,-2.777668862,0.167750944,-0.588658417,0.173055584,-0.771616909,0.500347157,0.634207512,-1.01460712,0,0,0,0,0,0,6.878960017,6.878998047,6.878982078,6.878996269,0,0,0,0,0,0
4.088157127,,,,6.420381908,5.317881146,-2.809248105,0.161701068,-0.584592284,0.164099902,-0.777930491,0.50954901,0.626980459,-1.014595014,0,0,0,0,0,0,6.878919201,6.878997988,6.878985743,6.87899562,0,0,0,0,0,0
4.108452003,,,,7.051471052,5.275596955,-2.830649641,0.155689954,-0.580466962,0.155031523,-0.78408161,0.518724662,0.619718169,-1.014556708,0,0,0,0,0,0,6.878782974,6.878997905,6.878987857,6.878994758,0,0,0,0,0,0
4.128746879,,,,7.67981933,5.236056959,-2.841998419,0.149718375,-0.576283427,0.14585168,-0.790069052,0.528082804,0.612622371,-1.01443629,0,0,0,0,0,0,6.877964198,6.878997797,6.878989063,6.878993608,0,0,0,0,0,0
4.149041755,,,,8.305289086,5.199640046,-2.843430352,0.143792657,-0.572034335,0.136557424,-0.795897268,0.539104434,0.607149839,-1.01382704,0,0,0,0,0,0,6.769200723,6.878997663,6.87898966,6.878992066,0,0,0,0,0,0
4.16933663,,,,8.92511057,5.167144432,-2.835242301,0.138702371,-0.566551998,0.126549559,-0.802350107,0.785488692,0.834284526,-0.948296474,0,0,0,0,0,0,6.7054186,6.87899751,6.87898979,6.878989976,0,0,0,0,0,0
4.189631506,,,,9.538983958,5.140542982,-2.813772662,0.135709856,-0.557984766,0.114832719,-0.810585765,1.172019617,1.195514814,-0.84469492,0,0,0,0,0,0,6.808284865,6.87899734,6.878989484,6.878987121,0,0,0,0,0,0
4.209926382,,,,10.14849986,5.122632202,-2.772941791,0.134545219,-0.546707938,0.101559067,-0.820179109,1.33901683,1.333054515,-0.802496859,0,0,0,0,0,0,6.750448662,6.87899715,6.878988667,6.878983248,0,0,0,0,0,0
4.230221258,,,,10.74814357,5.115826592,-2.711357293,0.134885428,-0.53315386,0.086927004,-0.830660327,1.631581779,1.593683016,-0.725778585,0,0,0,0,0,0,6.655503953,6.878996938,6.878987159,6.878978049,0,0,0,0,0,0
4.250516134,,,,11.33423725,5.123127828,-2.625810911,0.13784797,-0.515582167,0.069968584,-0.842779546,2.129672409,2.057263485,-0.592390922,0,0,0,0,0,0,6.836270279,6.878996701,6.878984562,6.878971181,0,0,0,0,0,0
4.270811009,,,,11.90833138,5.148573508,-2.50873941,0.142763463,-0.494780886,0.051151969,-0.85568332,2.238860013,2.131281346,-0.566909653,0,0,0,0,0,0,6.109149531,6.878996437,6.878979963,6.8789623,0,0,0,0,0,0
4.291105885,,,,12.44615761,5.195083355,-2.36698398,0.15362434,-0.464437194,0.026962984,-0.871762957,3.909237857,3.774669608,-0.107412,0,0,0,0,0,0,5.543815089,6.878996145,6.878971479,6.878949086,0,0,0,0,0,0
4.311400761,,,,12.93269059,5.275184863,-2.182779716,0.179508431,-0.408632866,-0.010864773,-0.894806046,6.758987181,6.67359566,0.689525589,0,0,0,0,0,0,6.878660724,6.87899577,6.878954095,6.878923055,0,0,0,0,0,0
4.331695637,,,,13.36600326,5.411384357,-1.90855402,0.213522643,-0.333764742,-0.056735859,-0.916400688,6.69393573,6.740280821,0.689657301,0,0,0,0,0,0,6.878932887,6.878995158,6.878907982,6.878861611,0,0,0,0,0,0
4.351990513,,,,13.69967313,5.596202941,-1.573923687,0.245360017,-0.255310002,-0.101324452,-0.929703512,6.627614878,6.805770053,0.68956272,0,0,0,0,0,0,6.878974494,6.878994059,6.878710547,6.878633738,0,0,0,0,0,0
4.372285388,,,,13.9208201,5.820104048,-1.197421231,0.274799322,-0.174024196,-0.144177551,-0.934566073,6.560521109,6.870557466,0.689190089,0,0,0,0,0,0,6.878986607,6.878991988,5.711756674,5.735661904,0,0,0,0,0,0
4.392580264,,,,14.01246815,6.051274525,-0.849432837,0.295110212,-0.089893922,-0.186487403,-0.932765509,6.611946481,6.818988712,-0.690001928,0,0,0,0,0,0,6.878991439,6.878987728,6.504823051,6.21767766,0,0,0,0,0,0
4.41287514,,,,13.98843754,6.311501557,-0.473814228,0.303571521,-0.001598945,-0.225220769,-0.925806341,6.094804375,7.347377635,-1.308087417,0,0,0,0,0,0,6.878993752,6.878977385,6.878653886,6.878681152,0,0,0,0,0,0
4.433170016,,,,13.83856671,6.586779287,-0.096629952,0.306557587,0.088730558,-0.259547114,-0.911473878,6.23032427,7.232743439,-1.30846711,0,0,0,0,0,0,6.87899497,6.878943791,6.878867497,6.878900983,0,0,0,0,0,0
4.453464892,,,,13.56969882,6.859998968,0.236632329,0.306187475,0.177560002,-0.292995509,-0.888186527,6.363652265,7.11550092,-1.308568752,0,0,0,0,0,0,6.878995642,6.878746017,6.878924964,6.878952028,0,0,0,0,0,0
4.473759767,,,,13.19276786,7.126139487,0.503824187,0.302302988,0.264035105,-0.325201366,-0.856237373,6.49433411,6.995390128,-1.308487971,0,0,0,0,0,0,6.878996041,5.872060476,6.878949646,6.878970934,0,0,0,0,0,0
4.494054643,,,,12.7442343,7.371711899,0.676600156,0.297247625,0.334097107,-0.350852931,-0.822754637,4.412443334,4.748145885,-0.707482644,0,0,0,0,0,0,6.878996335,5.736995961,6.878962357,6.878979949,0,0,0,0,0,0
4.514349519,,,,12.2467348,7.605033404,0.784628716,0.295475651,0.373898634,-0.365345167,-0.799635455,1.974475106,2.271217908,-0.02584342,0,0,0,0,0,0,6.878996602,6.866746753,6.878970551,6.87898487,0,0,0,0,0,0
4.534644395,,,,11.70177327,7.839558717,0.866888763,0.296086342,0.398006092,-0.374239913,-0.783497617,1.948849172,2.244199235,-0.01855394,0,0,0,0,0,0,6.878996844,6.690474718,6.878977065,6.878987668,0,0,0,0,0,0
4.554939271,,,,11.1414454,8.064192407,0.915241847,0.296976995,0.419185952,-0.38200272,-0.768219841,1.542020361,1.839245143,0.093959164,0,0,0,0,0,0,6.878997059,6.724976338,6.878982231,6.878989329,0,0,0,0,0,0
4.575234146,,,,10.56594266,8.281028839,0.93647719,0.29863851,0.435736569,-0.388178828,-0.755159507,1.207197982,1.510381596,0.185881916,0,0,0,0,0,0,6.878997253,6.780799486,6.878986216,6.878990302,0,0,0,0,0,0
4.595529022,,,,9.978398709,8.49075757,0.935713105,0.300915311,0.448922779,-0.393231121,-0.743833046,0.991541858,1.302338557,0.244486222,0,0,0,0,0,0,6.878997426,6.795772963,6.878989234,6.878990796,0,0,0,0,0,0
4.615823898,,,,9.382025195,8.693446299,0.916239917,0.303658668,0.459706187,-0.397494691,-0.733798069,0.80776014,1.126617881,0.294154732,0,0,0,0,0,0,6.878997583,6.814525634,6.878991492,6.878990906,0,0,0,0,0,0
4.636118774,,,,8.778433353,8.889466534,0.881019087,0.306801794,0.468551839,-0.401139985,-0.724857604,0.664268606,0.991107368,0.33263094,0,0,0,0,0,0,6.878997725,6.827017971,6.878993174,6.878990655,0,0,0,0,0,0
4.656413649,,,,8.16900413,9.079069003,0.832403656,0.310272018,0.475877278,-0.404309692,-0.716802458,0.547743041,0.88221422,0.363651139,0,0,0,0,0,0,6.878997854,6.836420665,6.87899443,6.878990001,0,0,0,0,0,0
4.676708525,,,,7.554737595,9.262486308,0.772337726,0.314015881,0.481972496,-0.407102243,-0.709481715,0.451605478,0.793240856,0.389059076,0,0,0,0,0,0,6.878997972,6.843588719,6.878995373,6.878988827,0,0,0,0,0,0
4.697003401,,,,6.936399406,9.439925658,0.702447166,0.317990756,0.487054552,-0.40959011,-0.702777123,0.371077539,0.719366278,0.410188137,0,0,0,0,0,0,6.878998079,6.852011201,6.878996085,6.878986899,0,0,0,0,0,0
4.717298277,,,,6.314517411,9.611586053,0.624103953,0.322153856,0.491323888,-0.411835203,-0.696569807,0.308859112,0.663312895,0.42628896,0,0,0,0,0,0,6.878998177,6.859646005,6.878996626,6.878983769,0,0,0,0,0,0
4.737593153,,,,5.689529023,9.777603869,0.538378859,0.32645904,0.494983523,-0.413893891,-0.690729798,0.263225388,0.623438189,0.437830902,0,0,0,0,0,0,6.878998267,6.795025232,6.878997037,6.878978636,0,0,0,0,0,0
4.757888028,,,,5.063504389,9.937786295,0.446232375,0.331076436,0.497332414,-0.415640556,-0.685778238,0.0789266,0.443831341,0.487942636,0,0,0,0,0,0,6.878998349,6.813306045,6.878997348,6.878970414,0,0,0,0,0,0
4.778182904,,,,4.435298124,10.09338042,0.350696085,0.336140989,0.497801138,-0.41698851,-0.682146499,-0.065225203,0.302522504,0.527137633,0,0,0,0,0,0,6.87899842,6.878298178,6.878997578,6.878959338,0,0,0,0,0,0
4.79847778,,,,3.804418708,10.245312,0.254176436,0.341399933,0.497418562,-0.418150866,-0.679095511,-0.069074009,0.300594417,0.527531781,0,0,0,0,0,0,6.878998476,6.878854323,6.87899774,6.878953183,0,0,0,0,0,0
4.818772656,,,,3.172479457,10.39333562,0.156927882,0.346658059,0.496995433,-0.419280487,-0.676038167,-0.071730335,0.299852376,0.527590353,0,0,0,0,0,0,6.878998157,6.878841367,6.878997311,6.878923171,0,0,0,0,0,0
4.835580567,,,,2.648349832,10.51295176,0.075890738,0.351010884,0.496619375,-0.420191979,-0.673497778,-0.074001541,0.299252707,0.527630374,0,0,0,0,0,0,6.87899812,6.878509304,6.87899725,6.878808626,0,0,0,0,0,0
4.852388478,,,,2.123554074,10.62985901,-0.005550857,0.355363281,0.496217481,-0.421080055,-0.670952113,-0.077064115,0.298248574,0.527777914,0,0,0,0,0,0,6.87899807,6.876184645,6.878997154,6.878247667,0,0,0,0,0,0
4.869196388,,,,1.598161258,10.74403835,-0.087345343,0.35972389,0.495768993,-0.421935494,-0.668417734,-0.085256699,0.294064613,0.528797317,0,0,0,0,0,0,6.878998013,6.79540648,6.878997028,6.849367211,0,0,0,0,0,0
4.886004299,,,,1.07429659,10.85506929,-0.169394264,0.36441355,0.494652499,-0.422397179,-0.666410003,-0.288665089,0.196666321,0.555472335,0,0,0,0,0,0,6.87899795,6.866312897,6.878996877,6.736336955,0,0,0,0,0,0
4.90281221,,,,0.55086743,10.96283327,-0.249842326,0.370221559,0.493216025,-0.421213675,-0.665021044,-0.567508621,0.425761034,0.491218155,0,0,0,0,0,0,6.878997883,6.876394219,6.878996709,6.857031668,0,0,0,0,0,0
4.919620121,,,,0.024454444,11.06606138,-0.326650502,0.37694043,0.492109088,-0.418544061,-0.663751028,-0.613834025,0.456897499,0.481645692,0,0,0,0,0,0,6.878997813,6.87759942,6.878996523,6.853546612,0,0,0,0,0,0
4.936428032,,,,-0.50238564,11.16340927,-0.399677523,0.38390171,0.491054379,-0.415424068,-0.662501259,-0.664364597,0.496199006,0.469754541,0,0,0,0,0,0,6.878997738,6.87798509,6.878996316,6.849767386,0,0,0,0,0,0
4.953235943,,,,-1.029559595,11.25439116,-0.468585394,0.391137451,0.490078979,-0.411786875,-0.661260659,-0.721105575,0.542730544,0.455804407,0,0,0,0,0,0,6.878997659,6.878150715,6.878996084,6.84584781,0,0,0,0,0,0
4.970043854,,,,-1.556970401,11.33844435,-0.533004329,0.398682758,0.48920021,-0.407559176,-0.660023281,-0.78471055,0.596349803,0.439834676,0,0,0,0,0,0,6.878997576,6.878220201,6.878995823,6.841410299,0,0,0,0,0,0
4.986851764,,,,-2.084489101,11.41492354,-0.592528316,0.406575224,0.488432126,-0.402659827,-0.658783507,-0.856278867,0.657812683,0.421636823,0,0,0,0,0,0,6.878997488,6.878231698,6.878995528,6.836189678,0,0,0,0,0,0
5.003659675,,,,-2.611946057,11.48309194,-0.646709314,0.414857546,0.487788154,-0.396993946,-0.657534592,-0.937308416,0.728422093,0.400852367,0,0,0,0,0,0,6.878997395,6.878196218,6.87899519,6.830014582,0,0,0,0,0,0
5.020467586,,,,-3.13912088,11.54210663,-0.695050513,0.423578997,0.487281879,-0.390448516,-0.656267598,-1.029574536,0.809815756,0.37703267,0,0,0,0,0,0,6.878997297,6.878110958,6.878994801,6.822695764,0,0,0,0,0,0
5.037275497,,,,-3.665727004,11.59099986,-0.736999664,0.432796278,0.486926942,-0.382888435,-0.654970214,-1.135182258,0.90397854,0.349636917,0,0,0,0,0,0,6.878997193,6.877960769,6.878994349,6.813997674,0,0,0,0,0,0
5.054083408,,,,-4.191390875,11.62865691,-0.771942518,0.44257434,0.486736507,-0.374151746,-0.653625273,-1.256664478,1.013310188,0.318015335,0,0,0,0,0,0,6.878997083,6.87771298,6.878993818,6.80364032,0,0,0,0,0,0
5.070891319,,,,-4.715624473,11.65379005,-0.799196577,0.452987163,0.486722163,-0.364043746,-0.652208799,-1.39708313,1.140683482,0.281395877,0,0,0,0,0,0,6.878996967,6.877303548,6.878993186,6.791304007,0,0,0,0,0,0
5.087699229,,,,-5.237788662,11.66490864,-0.818005805,0.464118266,0.486891915,-0.352329981,-0.650687392,-1.560142476,1.289473487,0.238880107,0,0,0,0,0,0,6.878996844,6.876606943,6.878992423,6.776642795,0,0,0,0,0,0
5.10450714,,,,-5.757044053,11.66028585,-0.82753737,0.476060623,0.487246549,-0.33872823,-0.649014845,-1.750326676,1.463514739,0.189460613,0,0,0,0,0,0,6.878996714,6.875376155,6.878991489,6.759314158,0,0,0,0,0,0
5.121315051,,,,-6.272284957,11.63792396,-0.826882084,0.488915591,0.487773168,-0.322899888,-0.647127919,-1.973084887,1.666905623,0.132082745,0,0,0,0,0,0,6.878996579,6.873150235,6.878990322,6.739026784,0,0,0,0,0,0
5.138122962,,,,-6.782050867,11.59552247,-0.815060639,0.502790376,0.488433947,-0.304441618,-0.644941407,-2.235089607,1.903570668,0.065775681,0,0,0,0,0,0,6.878996437,6.86924222,6.878988833,6.715633127,0,0,0,0,0,0
5.154930873,,,,-7.28441169,11.53045686,-0.791037647,0.517793176,0.489148475,-0.28287906,-0.642342147,-2.544348031,2.176644634,-0.010164783,0,0,0,0,0,0,6.878996292,6.863193264,6.878986882,6.689447291,0,0,0,0,0,0
5.171738784,,,,-7.776834013,11.43977731,-0.753745083,0.534022556,0.489772827,-0.257667394,-0.639179162,-2.908938632,2.488107892,-0.096060811,0,0,0,0,0,0,6.878996146,6.855488107,6.878984246,6.661869506,0,0,0,0,0,0
5.188546695,,,,-8.256038491,11.32023778,-0.702127774,0.55154332,0.490085532,-0.228209085,-0.635245426,-3.333366275,2.838585314,-0.191782111,0,0,0,0,0,0,6.878996003,6.846649023,6.878980546,6.635792329,0,0,0,0,0,0
5.205354605,,,,-8.717828042,11.16838218,-0.635252663,0.570346078,0.489780141,-0.193900884,-0.630256465,-3.815838147,3.224770531,-0.296026826,0,0,0,0,0,0,6.878995869,6.835842491,6.8789751,6.615547749,0,0,0,0,0,0
5.222162516,,,,-9.156902527,10.98073685,-0.552504407,0.590301443,0.488447739,-0.154217791,-0.623842837,-4.348210968,3.634355235,-0.40493987,0,0,0,0,0,0,6.87899575,6.820870682,6.878966589,6.607706566,0,0,0,0,0,0
5.238970427,,,,-9.566752939,10.75415181,-0.453826669,0.611123537,0.48554346,-0.108847151,-0.615571172,-4.914724925,4.039320206,-0.510332034,0,0,0,0,0,0,6.878995656,6.801236258,6.878952187,6.616202962,0,0,0,0,0,0
5.255778338,,,,-9.939676465,10.48633293,-0.339982221,0.632363947,0.480377719,-0.05783186,-0.604986415,-5.494120622,4.40321649,-0.601824792,0,0,0,0,0,0,6.878995595,6.808545592,6.878925011,6.671886452,0,0,0,0,0,0
5.272586249,,,,-10.26786155,10.17581464,-0.212217872,0.65324148,0.472463432,-0.001928858,-0.591650364,-5.95479903,4.689563535,-0.669417175,0,0,0,0,0,0,6.878995575,6.820495174,6.878865125,6.750484776,0,0,0,0,0,0
5.28939416,,,,-10.54290125,9.82363318,-0.073827059,0.672726177,0.461718633,0.057320255,-0.575299733,-6.249363342,4.863459172,-0.704091326,0,0,0,0,0,0,6.878995601,6.509057013,6.8786988,6.744606835,0,0,0,0,0,0
5.306202071,,,,-10.75347629,9.439748567,0.066519168,0.691705637,0.44519933,0.118364719,-0.556175029,-7.112322636,4.493673286,-0.58779392,0,0,0,0,0,0,6.878995673,6.871572149,6.878010928,6.596140917,0,0,0,0,0,0
5.323009981,,,,-10.89512247,9.024143466,0.212331033,0.709496758,0.422875292,0.182512722,-0.533366613,-7.591199953,5.039766503,-0.724440247,0,0,0,0,0,0,6.878995777,6.878004135,6.874038629,6.642938317,0,0,0,0,0,0
5.339817892,,,,-10.95798401,8.585570914,0.354031709,0.723262954,0.397668623,0.250987166,-0.505723054,-7.956220163,5.521728751,-0.843095676,0,0,0,0,0,0,6.878995893,6.878663265,5.147396508,6.878110272,0,0,0,0,0,0
5.356625803,,,,-10.94338396,8.158867853,0.467218794,0.729309894,0.372376498,0.306202928,-0.485471512,-4.813715221,2.528562205,-1.699385757,0,0,0,0,0,0,6.878995993,6.878832271,6.875338291,6.878795992,0,0,0,0,0,0
5.373433714,,,,-10.87270498,7.702039489,0.588862928,0.729887312,0.348752241,0.346453689,-0.474980239,-4.756364345,2.617833472,-1.701211878,0,0,0,0,0,0,6.878996076,6.87890925,6.873758538,6.87890721,0,0,0,0,0,0
5.390241625,,,,-10.75402458,7.247706178,0.698299468,0.728358891,0.325039785,0.386215789,-0.463335546,-4.694046191,2.703152889,-1.703802065,0,0,0,0,0,0,6.878996135,6.878946178,6.864318514,6.878944121,0,0,0,0,0,0
5.407049536,,,,-10.58899568,6.798465487,0.791296199,0.724713255,0.301307658,0.425301492,-0.450691729,-4.613079511,2.770476803,-1.711058968,0,0,0,0,0,0,6.878996167,6.878965081,6.078871737,6.878961913,0,0,0,0,0,0
5.423857446,,,,-10.38802735,6.369008939,0.859122941,0.719238895,0.278564921,0.457230334,-0.442761131,-3.140093078,1.430514655,-2.106602301,0,0,0,0,0,0,6.878996164,6.878975599,6.863637553,6.878972392,0,0,0,0,0,0
5.440665357,,,,-10.1507078,5.934995883,0.9200047,0.712658523,0.256925526,0.482267286,-0.439915184,-3.076650503,1.480323013,-2.114196421,0,0,0,0,0,0,6.878996124,6.878982138,6.839779386,6.878978888,0,0,0,0,0,0
5.457473268,,,,-9.887091751,5.509729606,0.966786239,0.704925654,0.235552297,0.506637575,-0.436936272,-2.969726562,1.485959799,-2.133584835,0,0,0,0,0,0,6.878996046,6.878986418,6.528062963,6.878983175,0,0,0,0,0,0
5.474281179,,,,-9.602913205,5.097687417,0.996762744,0.696540908,0.214769883,0.527634632,-0.436241166,-2.312664391,0.929199074,-2.30707032,0,0,0,0,0,0,6.878995923,6.878989327,6.821208344,6.87898621,0,0,0,0,0,0
5.49108909,,,,-9.296777768,4.689190438,1.01679723,0.687786474,0.194558683,0.545172731,-0.438044951,-2.184857559,0.887596589,-2.335639169,0,0,0,0,0,0,6.878995749,6.878991391,6.744414984,6.87898843,0,0,0,0,0,0
5.507897001,,,,-8.975283511,4.289391448,1.024959951,0.678526868,0.174692922,0.561003115,-0.440861858,-1.922760955,0.704893402,-2.402170677,0,0,0,0,0,0,6.878995515,6.878992899,6.767827362,6.878990107,0,0,0,0,0,0
5.524704912,,,,-8.639651028,3.896309707,1.022830266,0.668985112,0.155171715,0.574702006,-0.445082311,-1.706527678,0.558566577,-2.457128069,0,0,0,0,0,0,6.878995208,6.878994028,6.788268099,6.878991409,0,0,0,0,0,0
5.541512822,,,,-8.291963759,3.509460882,1.011425377,0.659190169,0.135923552,0.586621345,-0.450409267,-1.530163127,0.444024881,-2.501980339,0,0,0,0,0,0,6.878994811,6.878994893,6.797146236,6.878992442,0,0,0,0,0,0
5.558320733,,,,-7.934005307,3.128508045,0.99155419,0.649167916,0.116894084,0.596990211,-0.45663933,-1.372595628,0.341170462,-2.542443419,0,0,0,0,0,0,6.878994298,6.878995566,6.80708431,6.878993276,0,0,0,0,0,0
5.575128644,,,,-7.567123158,2.752968193,0.964042051,0.638946868,0.098039988,0.605950495,-0.463636774,-1.235454337,0.252246247,-2.577993277,0,0,0,0,0,0,6.878993633,6.878996099,6.815445945,6.878993961,0,0,0,0,0,0
5.591936555,,,,-7.192466824,2.382438213,0.929638367,0.628540523,0.079324221,0.613638407,-0.471266787,-1.11563772,0.17482434,-2.609409154,0,0,0,0,0,0,6.878992763,6.878996526,6.822529439,6.878994531,0,0,0,0,0,0
5.608744466,,,,-6.810987298,2.016558353,0.889026536,0.617956827,0.060716401,0.620166638,-0.479412369,-1.010613501,0.106973572,-2.637322803,0,0,0,0,0,0,6.878991606,6.878996871,6.828643358,6.87899501,0,0,0,0,0,0
5.625552377,,,,-6.423470648,1.655012761,0.842827254,0.607199704,0.042191939,0.625629904,-0.487970884,-0.91843,0.047281497,-2.662213395,0,0,0,0,0,0,6.878990036,6.878997153,6.833939602,6.878995419,0,0,0,0,0,0
5.642360288,,,,-6.030567177,1.297530195,0.791599941,0.596270092,0.023731334,0.630109084,-0.49685143,-0.837430889,-0.005421197,-2.684484949,0,0,0,0,0,0,6.878987841,6.878997385,6.838549556,6.878995769,0,0,0,0,0,0
5.659168198,,,,-5.632813895,0.943881542,0.735844822,0.585166913,0.005319547,0.633673782,-0.505973244,-0.766215609,-0.052095504,-2.704476427,0,0,0,0,0,0,6.878984659,6.878997577,6.842593455,6.878996073,0,0,0,0,0,0
5.675976109,,,,-5.230653102,0.593876379,0.676005119,0.573887697,-0.013054533,0.636384512,-0.515264247,-0.703615989,-0.093511316,-2.722467173,0,0,0,0,0,0,6.878979814,6.878997735,6.846221262,6.878996338,0,0,0,0,0,0
5.69278402,,,,-4.824447276,0.247358506,0.612469021,0.562428761,-0.031398473,0.638294972,-0.524659464,-0.648743915,-0.13018982,-2.738662064,0,0,0,0,0,0,6.878971939,6.878997867,6.849558329,6.878996572,0,0,0,0,0,0
5.709591931,,,,-4.414492276,-0.095798295,0.545570263,0.550785062,-0.049716498,0.639454319,-0.534099484,-0.600940377,-0.162441116,-2.753203333,0,0,0,0,0,0,6.878957891,6.878997976,6.852160557,6.878996778,0,0,0,0,0,0
5.726399842,,,,-4.001037133,-0.435687917,0.475587773,0.538952215,-0.068010272,0.63990452,-0.543532261,-0.558768152,-0.191386682,-2.766451196,0,0,0,0,0,0,6.878929049,6.878998067,6.851746386,6.878996962,0,0,0,0,0,0
5.743207753,,,,-3.584322767,-0.772351042,0.402757551,0.526938789,-0.086283531,0.639657748,-0.552927328,-0.516809982,-0.222301043,-2.7798895,0,0,0,0,0,0,6.878854004,6.878998141,6.818235392,6.878997126,0,0,0,0,0,0
5.760015664,,,,-3.165016595,-1.105400263,0.327348882,0.514908884,-0.104598117,0.638428062,-0.562439049,-0.417058823,-0.315024207,-2.809856831,0,0,0,0,0,0,6.87853686,6.878998202,6.812281687,6.878997273,0,0,0,0,0,0
5.776823574,,,,-2.742815675,-1.434996176,0.250348691,0.503057754,-0.12304179,0.635882263,-0.572230166,-0.309531561,-0.421072106,-2.842610556,0,0,0,0,0,0,6.790894239,6.878998251,6.877152057,6.878997402,0,0,0,0,0,0
5.793631485,,,,-2.318214574,-1.760935382,0.172643547,0.490923354,-0.140711371,0.632472842,-0.582385331,-0.160462251,-0.259472601,-2.799969396,0,0,0,0,0,0,6.876228795,6.87899829,6.878629648,6.878997509,0,0,0,0,0,0
5.810439396,,,,-1.890353731,-2.085474345,0.094923829,0.47824819,-0.157464025,0.628727254,-0.592609307,-0.163257111,-0.249859181,-2.79878292,0,0,0,0,0,0,6.87874841,6.878998317,6.878862829,6.878997594,0,0,0,0,0,0
5.827247307,,,,-1.460767975,-2.407922206,0.016819515,0.46526118,-0.174107707,0.624686929,-0.602482183,-0.170705672,-0.244154891,-2.798726714,0,0,0,0,0,0,6.878747463,6.878998034,6.878852463,6.878997228,0,0,0,0,0,0
5.841768403,,,,-1.088288342,-2.684830605,-0.051132376,0.453798327,-0.188408124,0.62096315,-0.610716156,-0.176970296,-0.23904621,-2.798682214,0,0,0,0,0,0,6.878151617,6.87899799,6.878695586,6.878997185,0,0,0,0,0,0
5.856289498,,,,-0.714589485,-2.960225517,-0.119663702,0.44211404,-0.202623221,0.617023348,-0.61867697,-0.181918078,-0.233102143,-2.798450234,0,0,0,0,0,0,6.872135675,6.878997937,6.878202406,6.878997128,0,0,0,0,0,0
5.870810594,,,,-0.339780874,-3.234107948,-0.188905055,0.43020637,-0.216701025,0.612859932,-0.626391131,-0.176546836,-0.218659937,-2.795859533,0,0,0,0,0,0,6.753296988,6.878997877,6.87535328,6.87899706,0,0,0,0,0,0
5.88533169,,,,0.034329387,-3.505622916,-0.25907586,0.417950214,-0.229788829,0.608348585,-0.634371116,0.019195427,-0.028431792,-2.743730732,0,0,0,0,0,0,6.847710946,6.878997811,6.836911791,6.878996983,0,0,0,0,0,0
5.899852786,,,,0.40943196,-3.777343912,-0.328967844,0.405512811,-0.241817927,0.603185235,-0.642846033,0.131154854,-0.047163328,-2.748343308,0,0,0,0,0,0,6.864512604,6.878997741,6.853559027,6.8789969,0,0,0,0,0,0
5.914373881,,,,0.784981157,-4.049177252,-0.39790277,0.393130284,-0.253611268,0.597313119,-0.651419176,0.191030387,-0.068538469,-2.753021842,0,0,0,0,0,0,6.86883021,6.878997667,6.86933772,6.878996811,0,0,0,0,0,0
5.928894977,,,,1.160792877,-4.320871105,-0.46548284,0.380717911,-0.265248433,0.590950589,-0.659904949,0.219581673,-0.073500827,-2.752805455,0,0,0,0,0,0,6.869702347,6.878997589,6.872998759,6.878996717,0,0,0,0,0,0
5.943416073,,,,1.53666849,-4.592185927,-0.5315381,0.368218045,-0.276721411,0.584223373,-0.66822435,0.241062339,-0.074865565,-2.75139796,0,0,0,0,0,0,6.869261777,6.878997505,6.874420407,6.878996617,0,0,0,0,0,0
5.957937169,,,,1.912573023,-4.863019653,-0.595942584,0.355621345,-0.288021042,0.577163601,-0.676357535,0.261026826,-0.073937034,-2.749195134,0,0,0,0,0,0,6.868172288,6.878997416,6.875171621,6.878996512,0,0,0,0,0,0
5.972458264,,,,2.288500108,-5.133297303,-0.658581924,0.342928053,-0.299131496,0.569782963,-0.684301157,0.281571727,-0.070732358,-2.746206168,0,0,0,0,0,0,6.866770092,6.87899732,6.8757153,6.8789964,0,0,0,0,0,0
5.98697936,,,,2.664449816,-5.402955205,-0.719339176,0.330141795,-0.310032766,0.562086002,-0.692058817,0.303564223,-0.065114357,-2.742386142,0,0,0,0,0,0,6.865264856,6.878997217,6.876223546,6.87899628,0,0,0,0,0,0
6.001500456,,,,3.0404217,-5.671936027,-0.778088127,0.317267832,-0.320702989,0.554074516,-0.699637154,0.327285926,-0.057018971,-2.737706184,0,0,0,0,0,0,6.863725858,6.878997106,6.876730812,6.878996153,0,0,0,0,0,0
6.016021552,,,,3.416410794,-5.940184744,-0.83469051,0.304312527,-0.331119874,0.545749129,-0.707044131,0.352859158,-0.046440521,-2.732152292,0,0,0,0,0,0,6.862101352,6.878996986,6.877202622,6.878996015,0,0,0,0,0,0
6.030542647,,,,3.792405307,-6.207645049,-0.88899437,0.291283408,-0.341260924,0.537109247,-0.714288888,0.380538884,-0.033350964,-2.725703089,0,0,0,0,0,0,6.86029089,6.878996856,6.877599476,6.878995868,0,0,0,0,0,0
6.045063743,,,,4.16838616,-6.474256764,-0.940831563,0.278189508,-0.351102787,0.528152256,-0.721382441,0.410796808,-0.017637216,-2.718311169,0,0,0,0,0,0,6.858201319,6.878996714,6.87790797,6.878995709,0,0,0,0,0,0
6.059584839,,,,4.544327477,-6.73995378,-0.990013805,0.265041722,-0.360620364,0.518872688,-0.728338501,0.444272445,0.00092291,-2.709895064,0,0,0,0,0,0,6.855759042,6.87899656,6.878136646,6.878995536,0,0,0,0,0,0
6.074105935,,,,4.920196928,-7.004661673,-1.03632765,0.251853068,-0.369785988,0.509261653,-0.735174077,0.481711932,0.022661184,-2.700338226,0,0,0,0,0,0,6.852895422,6.87899639,6.878302229,6.87899535,0,0,0,0,0,0
6.08862703,,,,5.295955467,-7.268294589,-1.079528854,0.238638911,-0.378568699,0.499306411,-0.741909912,0.523950449,0.048022047,-2.689487651,0,0,0,0,0,0,6.849526703,6.878996204,6.878420941,6.878995147,0,0,0,0,0,0
6.103148126,,,,5.671556437,-7.530751251,-1.119336242,0.22541723,-0.386933453,0.488989908,-0.748570935,0.571939082,0.077583388,-2.677147632,0,0,0,0,0,0,6.845538821,6.878995998,6.878505515,6.878994926,0,0,0,0,0,0
6.117669222,,,,6.046944115,-7.791910069,-1.155424896,0.212209002,-0.394840083,0.478290075,-0.7551869,0.62680024,0.112095404,-2.66306831,0,0,0,0,0,0,6.840776967,6.878995769,6.878565023,6.878994686,0,0,0,0,0,0
6.132190318,,,,6.422051608,-8.051623195,-1.187418257,0.19903875,-0.402241881,0.467178804,-0.761793286,0.689900275,0.152534114,-2.646929833,0,0,0,0,0,0,6.83503465,6.878995513,6.878605546,6.878994424,0,0,0,0,0,0
6.146711413,,,,6.796797893,-8.309709215,-1.214878679,0.185935332,-0.409083692,0.455620486,-0.768432534,0.762939001,0.200171459,-2.628321558,0,0,0,0,0,0,6.828036869,6.878995225,6.878630864,6.878994139,0,0,0,0,0,0
6.161232509,,,,7.171083599,-8.565943941,-1.237295853,0.17293302,-0.415299356,0.443569964,-0.775155663,0.848065383,0.25667096,-2.606713779,0,0,0,0,0,0,6.819413727,6.878994898,6.87864292,6.878993828,0,0,0,0,0,0
6.175753605,,,,7.544784958,-8.820048563,-1.254072437,0.160072997,-0.420808259,0.43096973,-0.782024384,0.948034826,0.324223142,-2.581417978,0,0,0,0,0,0,6.808661141,6.878994526,6.878641945,6.878993488,0,0,0,0,0,0
6.190274701,,,,7.917745043,-9.071674099,-1.264506028,0.147405421,-0.4255106,0.417746009,-0.789113834,1.066428866,0.405739917,-2.551530246,0,0,0,0,0,0,6.795083717,6.878994097,6.878626158,6.878993117,0,0,0,0,0,0
6.204795796,,,,8.289761003,-9.320380613,-1.267766357,0.134992291,-0.429280806,0.403803295,-0.796516145,1.20796582,0.505134673,-2.515850435,0,0,0,0,0,0,6.777713556,6.878993598,6.878590659,6.87899271,0,0,0,0,0,0
6.219316892,,,,8.660565279,-9.565609023,-1.262866298,0.122911485,-0.431958254,0.389016603,-0.804345023,1.378940831,0.627724407,-2.472767106,0,0,0,0,0,0,6.755179444,6.87899301,6.878524499,6.878992265,0,0,0,0,0,0
6.233837988,,,,9.029797458,-9.806642122,-1.248625048,0.111262486,-0.43333397,0.37322035,-0.812741594,1.587874086,0.780828961,-2.420087856,0,0,0,0,0,0,6.725811505,6.878992309,6.878402493,6.878991774,0,0,0,0,0,0
6.248359084,,,,9.396965788,-10.04255255,-1.223620454,0.100174156,-0.433132964,0.356193107,-0.821880432,1.846005603,0.974204794,-2.354917839,0,0,0,0,0,0,6.686378373,6.878991459,6.878158383,6.87899123,0,0,0,0,0,0
6.262880179,,,,9.761373044,-10.27211949,-1.186137507,0.089816886,-0.430985177,0.337633341,-0.831978624,2.169777386,1.222388403,-2.273010411,0,0,0,0,0,0,6.642765565,6.87899041,6.877567175,6.878990624,0,0,0,0,0,0
6.277401275,,,,10.12215927,-10.49380705,-1.134047581,0.080402595,-0.426438254,0.317157421,-0.843265681,2.566889595,1.530560112,-2.172728652,0,0,0,0,0,0,6.582482192,6.878989086,6.875332939,6.878989943,0,0,0,0,0,0
6.291922371,,,,10.47794827,-10.70548348,-1.064932955,0.072204147,-0.418920267,0.294257298,-0.8559819,3.066191874,1.921256259,-2.047654353,0,0,0,0,0,0,6.362304383,6.878987376,6.54685837,6.878989166,0,0,0,0,0,0
6.306443467,,,,10.82113533,-10.90015259,-0.979726237,0.066722521,-0.40843547,0.265786488,-0.870681408,4.414900357,2.129240114,-1.968832232,0,0,0,0,0,0,6.321563467,6.878985104,6.86688677,6.878988257,0,0,0,0,0,0
6.320964562,,,,11.16100401,-11.07706299,-0.867186299,0.064606795,-0.393480799,0.230443991,-0.887634153,5.339074556,2.877505664,-1.735928183,0,0,0,0,0,0,6.432362661,6.878981977,6.877962481,6.878987127,0,0,0,0,0,0
6.335485658,,,,11.49163277,-11.22882713,-0.724406813,0.064976433,-0.372649947,0.190176686,-0.905948623,6.081361197,3.468697762,-1.545614288,0,0,0,0,0,0,4.022173692,6.878977514,6.878681877,6.878985634,0,0,0,0,0,0
6.350006754,,,,11.77555457,-11.33572876,-0.575082926,0.073497761,-0.332142316,0.135129034,-0.930601797,10.53090574,7.793850235,-0.325621735,0,0,0,0,0,0,5.820889964,6.878970873,6.878862145,6.878983523,0,0,0,0,0,0
6.36452785,,,,12.03936676,-11.39832961,-0.356853622,0.091393718,-0.266456982,0.062151714,-0.957488919,12.16883797,9.412436398,0.126234119,0,0,0,0,0,0,6.878264279,6.878959842,6.878924472,6.878980309,0,0,0,0,0,0
6.379048945,,,,12.24971031,-11.39745808,-0.079979072,0.11094368,-0.191328963,-0.016135265,-0.975102241,12.15789322,9.42904698,0.126524822,0,0,0,0,0,0,6.878809944,6.878938364,6.87895205,6.87897522,0,0,0,0,0,0
6.393570041,,,,12.38384355,-11.32949285,0.221956194,0.129097928,-0.113710509,-0.094127044,-0.98058337,12.14598622,9.444842361,0.126601256,0,0,0,0,0,0,6.878915375,6.878887072,6.878966355,6.878966834,0,0,0,0,0,0
6.408091137,,,,12.43490475,-11.19806009,0.526953042,0.145643942,-0.03457428,-0.170844929,-0.973860602,12.13377635,9.460423954,0.126657095,0,0,0,0,0,0,6.878951084,6.878717597,6.878974522,6.878952104,0,0,0,0,0,0
6.422612233,,,,12.40016876,-11.00994513,0.812863462,0.160390817,0.045088726,-0.245329117,-0.955015925,12.12118733,9.475719063,0.126767261,0,0,0,0,0,0,6.878967098,6.877620372,6.878979463,6.878923623,0,0,0,0,0,0
6.437133328,,,,12.2811853,-10.77476097,1.058481164,0.173170799,0.124273545,-0.316645204,-0.924285549,12.1067812,9.489375032,0.127329148,0,0,0,0,0,0,6.87897575,4.582907815,6.878982546,6.87886065,0,0,0,0,0,0
6.451654424,,,,12.10403634,-10.52784057,1.22059658,0.184920584,0.187105746,-0.375330324,-0.888776105,8.524459057,6.014983151,1.107912961,0,0,0,0,0,0,6.878981133,5.173548395,6.87898457,6.878700474,0,0,0,0,0,0
6.46617552,,,,11.87783644,-10.25698184,1.342080602,0.197162335,0.222960995,-0.416533781,-0.8590198,5.827748147,3.494430198,1.836169623,0,0,0,0,0,0,6.878984763,6.301572239,6.878986026,6.87817801,0,0,0,0,0,0
6.480696616,,,,11.61450513,-9.963746517,1.436966923,0.209858615,0.243784496,-0.448182278,-0.834063023,4.875519369,2.71271763,2.082433328,0,0,0,0,0,0,6.878987317,6.36726493,6.878987148,6.874726488,0,0,0,0,0,0
6.495217711,,,,11.33168773,-9.663393902,1.500637451,0.222772762,0.257591736,-0.475052959,-0.811383682,4.02810471,2.03009087,2.299165546,0,0,0,0,0,0,6.878989184,6.44844287,6.878988061,6.760760334,0,0,0,0,0,0
6.509738807,,,,11.03534478,-9.359656018,1.537416172,0.236192547,0.26586425,-0.497355129,-0.791307246,3.13882602,1.63512152,2.43255306,0,0,0,0,0,0,6.878990597,6.578338086,6.878988843,6.874045107,0,0,0,0,0,0
6.524259903,,,,10.72567855,-9.051661247,1.554054323,0.250062127,0.269974586,-0.51605723,-0.773477595,2.63153918,1.252793456,2.558846134,0,0,0,0,0,0,6.878991697,6.647389509,6.878989536,6.877301542,0,0,0,0,0,0
6.538780999,,,,10.40697185,-8.74238093,1.5530088,0.263982431,0.270748255,-0.532656188,-0.757156552,2.242860968,0.963242018,2.657038583,0,0,0,0,0,0,6.878992574,6.686467217,6.878990167,6.877993581,0,0,0,0,0,0
6.553302094,,,,10.08138595,-8.432677647,1.536818915,0.277893817,0.26885695,-0.547616583,-0.742029006,1.921646324,0.725318374,2.738836751,0,0,0,0,0,0,6.878993289,6.748092186,6.878990752,6.87820195,0,0,0,0,0,0
6.56782319,,,,9.749980035,-8.122573077,1.507772336,0.291762909,0.264934683,-0.56129827,-0.72775564,1.700517569,0.575832032,2.794404383,0,0,0,0,0,0,6.878993881,6.492835406,6.878991304,6.878186132,0,0,0,0,0,0
6.582344286,,,,9.417895053,-7.815607785,1.46676668,0.305403842,0.2576824,-0.573435998,-0.715191883,1.095801547,0.023073891,2.95898313,0,0,0,0,0,0,6.878994376,6.784277084,6.878991833,6.877799177,0,0,0,0,0,0
6.596865382,,,,9.080672502,-7.504569112,1.41903601,0.318737316,0.247306123,-0.584242834,-0.704206302,0.949088874,-0.090025883,2.998924492,0,0,0,0,0,0,6.878994772,6.871359246,6.87899237,6.873303606,0,0,0,0,0,0
6.611386477,,,,8.741683347,-7.191497921,1.36508712,0.331973298,0.236300052,-0.594460023,-0.693233941,0.930918951,-0.064363853,2.999753885,0,0,0,0,0,0,6.878995058,6.808486733,6.878992955,6.808736407,0,0,0,0,0,0
6.625907573,,,,8.403464821,-6.879104185,1.304717486,0.345348386,0.225014603,-0.603723919,-0.682363797,0.715682692,-0.039645378,2.99985962,0,0,0,0,0,0,6.878995249,6.874544175,6.878993553,6.874656625,0,0,0,0,0,0
6.640428669,,,,8.062777078,-6.564830296,1.239706341,0.358837594,0.213444795,-0.612059828,-0.671609758,0.703028251,-0.018189065,2.999906922,0,0,0,0,0,0,6.878995348,6.878027152,6.878994145,6.878088689,0,0,0,0,0,0
6.654949765,,,,7.721023411,-6.250417242,1.170005961,0.372254237,0.201852313,-0.619996314,-0.660520247,0.700372113,0.00311324,2.99993269,0,0,0,0,0,0,6.87899535,6.878621348,6.878994712,6.878657792,0,0,0,0,0,0
6.66947086,,,,7.37808738,-5.936226161,1.095679026,0.385583638,0.19025522,-0.627555113,-0.649078416,0.698857674,0.02439162,2.999947983,0,0,0,0,0,0,6.878995246,6.878810203,6.878995239,6.878831277,0,0,0,0,0,0
6.683991956,,,,7.033793699,-5.622559292,1.016807831,0.398819279,0.178658757,-0.634733149,-0.637289621,0.697252139,0.045647156,2.99995698,0,0,0,0,0,0,6.878995022,6.878891934,6.878995714,6.878900835,0,0,0,0,0,0
6.698513052,,,,6.687966293,-5.309709015,0.933496926,0.411955698,0.167065917,-0.641523856,-0.625162879,0.695231574,0.066867275,2.999961077,0,0,0,0,0,0,6.878994661,6.878934806,6.878996125,6.878932633,0,0,0,0,0,0
6.713034148,,,,6.340435537,-4.997961593,0.845874234,0.424987579,0.155478868,-0.647919963,-0.612708415,0.692679595,0.088035934,2.999960774,0,0,0,0,0,0,6.878994145,6.878959353,6.878996468,6.878947896,0,0,0,0,0,0
6.727555244,,,,5.991040548,-4.687596686,0.754091039,0.437909525,0.143899303,-0.653914188,-0.599937058,0.689544725,0.109133484,2.999956873,0,0,0,0,0,0,6.878993445,6.878973524,6.878996746,6.878955222,0,0,0,0,0,0
6.742076339,,,,5.639630504,-4.378886086,0.658321496,0.450715979,0.132328551,-0.659499486,-0.586860026,0.685801643,0.130138172,2.999950466,0,0,0,0,0,0,6.878992493,6.878981765,6.878996972,6.878958428,0,0,0,0,0,0
6.756597435,,,,5.286065642,-4.072092279,0.558761834,0.463401191,0.120767642,-0.664669158,-0.573488817,0.681438498,0.151028777,2.999942411,0,0,0,0,0,0,6.878991162,6.878986722,6.878997158,6.878959181,0,0,0,0,0,0
6.771118531,,,,4.930218134,-3.767467018,0.45562937,0.475959208,0.109217348,-0.669416916,-0.55983515,0.676450884,0.171785553,2.99993321,0,0,0,0,0,0,6.87898922,6.878989842,6.878997315,6.878958137,0,0,0,0,0,0
6.785639627,,,,4.571972852,-3.465249925,0.349161342,0.488383878,0.097678224,-0.67373691,-0.545910917,0.670838555,0.192390282,2.999923126,0,0,0,0,0,0,6.878986223,6.878991893,6.878997449,6.878955373,0,0,0,0,0,0
6.800160722,,,,4.211228037,-3.165667174,0.239613631,0.50066885,0.086150628,-0.67762375,-0.53172815,0.664603766,0.212826534,2.999912323,0,0,0,0,0,0,6.878981235,6.87899329,6.878997565,6.878950444,0,0,0,0,0,0
6.814681818,,,,3.847895891,-2.868930247,0.127259363,0.512807593,0.074634756,-0.68107252,-0.517298994,0.657750622,0.233080754,2.999900999,0,0,0,0,0,0,6.878971986,6.878994266,6.878997669,6.878942023,0,0,0,0,0,0
6.829202914,,,,3.481903087,-2.575234795,0.012387423,0.524793415,0.063130674,-0.684078772,-0.502635676,0.650285348,0.253145455,2.999889655,0,0,0,0,0,0,6.878951784,6.878994955,6.878997763,6.87892645,0,0,0,0,0,0
6.84372401,,,,3.113191243,-2.284759671,-0.104699095,0.536619531,0.051638375,-0.686638507,-0.487750466,0.642219016,0.273029576,2.999880034,0,0,0,0,0,0,6.878894239,6.878995435,6.878997849,6.878890924,0,0,0,0,0,0
6.858245105,,,,2.741717538,-1.997666377,-0.223684452,0.548279265,0.040157956,-0.688748065,-0.472655571,0.633582531,0.292803215,2.99987965,0,0,0,0,0,0,6.87864516,6.87899575,6.878997933,6.878750793,0,0,0,0,0,0
6.872766201,,,,2.367457231,-1.714100876,-0.344241614,0.559767179,0.028690501,-0.690403451,-0.457362696,0.624506107,0.312907038,2.999925697,0,0,0,0,0,0,6.339478936,6.878995888,6.878998022,6.339558215,0,0,0,0,0,0
6.887287297,,,,2.004529558,-1.446132289,-0.46545039,0.57522807,0.019927443,-0.688157191,-0.441763788,0.58945898,1.993349984,2.999960468,0,0,0,0,0,0,6.837228584,6.878995796,6.878998125,6.83721593,0,0,0,0,0,0
6.901808393,,,,1.622079398,-1.176832241,-0.57920504,0.594885356,0.013887348,-0.681505618,-0.42599137,0.526424459,2.139057442,2.999956058,0,0,0,0,0,0,6.878918415,6.878995491,6.878998208,5.576764946,0,0,0,0,0,0
6.916329488,,,,1.251455693,-0.928637344,-0.682265669,0.618599764,0.007802451,-0.666314096,-0.416291941,-1.565084149,4.131572387,2.443819124,0,0,0,0,0,0,6.878977669,6.878995019,6.87899823,0.000198481,0,0,0,0,0,0
6.930850584,,,,0.961703207,-0.738649354,-0.761978757,0.665043452,-4.05E-05,-0.600965292,-0.443348533,-12.22669935,14.68440738,-0.494044541,0,0,0,0,0,0,6.878986941,6.878993725,6.878998141,6.76045226,0,0,0,0,0,0
6.94537168,,,,0.610997185,-0.496838839,-0.71416312,0.721284021,-0.009369955,-0.484444187,-0.494949892,-12.33109101,14.93183192,-0.544667756,0,0,0,0,0,0,6.878991152,6.878988518,6.878997646,6.878978588,0,0,0,0,0,0
6.959892776,,,,0.323236957,-0.282721181,-0.555125991,0.763833683,-0.017902857,-0.357561825,-0.537016884,-12.24826677,14.99989831,-0.544669224,0,0,0,0,0,0,6.878993058,6.835798249,6.878994912,6.878994057,0,0,0,0,0,0
6.974413871,,,,0.122084219,-0.115815004,-0.309571774,0.79144033,-0.025703842,-0.223618414,-0.568292461,-12.23315569,14.99999231,-0.526219889,0,0,0,0,0,0,4.965187352,6.87898529,4.932793693,6.878995849,0,0,0,0,0,0
6.988934967,,,,0.030552839,-0.026472155,-0.069783267,0.804900077,-0.015574989,-0.098019457,-0.585051682,-6.206701649,14.99997844,-0.540050421,0,0,0,0,0,0,4.240938768,1.373758596,2.20E-06,6.878998372,0,0,0,0,0,0
7.003456063,,,,0.011479155,-0.009292452,-0.00044188,0.807340533,-0.001589092,-0.040911379,-0.588663739,-0.000264807,0.000304673,-7.78E-05,0,0,0,0,0,0,4.240938768,1.373758596,2.20E-06,6.878998372,0,0,0,0,0,0
